CampaignID,Platform,AdType,AgeGroup,Budget,DurationDays,Impressions,Clicks,Conversions,Cost,Revenue,CTR,CPC,ROI
1,Instagram,Video,45-60,286,15,17160,279,75,288,3356.71,0.016258741258741258,1.032258064516129,10.655229051078734
2,TikTok,Carousel,18-24,4493,12,170734,9569,596,4556,11104.85,0.05604624737896377,0.47612080677186747,1.437411643472606
3,Facebook,Image,18-24,4775,22,195775,11830,1274,4803,48498.53,0.060426510024262546,0.40600169061707525,9.09755022570627
4,Instagram,Image,18-24,1590,21,38160,3424,939,1705,32442.15,0.08972746331236897,0.49795560747663553,18.027656518897185
5,Instagram,Image,25-34,3993,22,311454,22789,2599,4003,166592.8,0.07316971366558143,0.17565492123392865,40.61698635467993
6,TikTok,Image,45-60,413,11,8673,723,76,509,5032.87,0.08336215842269111,0.7040110650069157,8.887754659894165
7,Facebook,Image,18-24,2418,7,118482,11312,956,2519,19826.39,0.09547441805506322,0.2226838755304102,6.870738423770452
8,Facebook,Image,45-60,335,28,22110,2318,613,520,21858.71,0.10483943916779738,0.22433132010353754,41.03598355854345
9,Instagram,Image,25-34,198,5,11484,511,89,352,3215.99,0.044496691048415186,0.6888454011741683,8.136335776216795
10,Google,Video,18-24,4087,17,94001,6503,1422,4107,29291.4,0.06918011510515845,0.6315546670767338,6.132066128414392
11,Instagram,Carousel,35-44,4601,24,239252,24502,2689,4639,177182.9,0.1024108471402538,0.18933148314423312,37.194202038324114
12,Instagram,Image,25-34,1816,20,58112,6906,1654,1917,98422.9,0.11883948237885462,0.2775847089487402,50.342147029042934
13,Instagram,Video,35-44,4945,9,192855,20798,4991,4990,116423.68,0.10784267973347852,0.23992691604962016,22.331399735189386
14,Instagram,Video,45-60,1062,14,77526,3943,505,1127,18013.62,0.050860356525552715,0.28582297742835405,14.983690744268678
15,TikTok,Carousel,45-60,2881,26,74906,2357,359,2971,6248.88,0.0314661041839105,1.2605006364022062,1.103291913377382
16,Facebook,Image,25-34,2557,12,86938,5549,568,2720,30657.49,0.06382709517127148,0.4901784105244188,10.271137610448319
17,TikTok,Carousel,45-60,1573,6,66066,6050,1779,1683,32904.45,0.09157509157509157,0.2781818181818182,18.551067001806068
18,TikTok,Image,35-44,2835,17,93555,6004,1269,2916,100270.53,0.06417615306504196,0.48567621585609594,33.38632791459241
19,TikTok,Video,18-24,2606,19,109452,6911,1960,2728,126709.58,0.06314183386324598,0.3947330342931558,45.4477934923661
20,Instagram,Video,18-24,3775,19,143450,14661,1845,3967,68849.31,0.10220285813872429,0.27058181570152107,16.355510128251314
21,Google,Video,18-24,4626,26,337698,16801,4124,4816,208259.84,0.04975155316288518,0.2866496041902268,42.24332142242609
22,Facebook,Video,25-34,1651,16,79248,8287,2001,1749,147661.65,0.1045704623460529,0.21105345722215518,83.42632830041873
23,Google,Carousel,45-60,2458,12,184350,10092,2249,2492,109721.85,0.054743694060211553,0.24692826000792706,43.02963471617773
24,TikTok,Image,35-44,390,12,15210,701,204,548,4531.84,0.04608809993425378,0.7817403708987162,7.269778076209488
25,TikTok,Image,45-60,2867,20,137616,8248,1223,3022,44650.79,0.059934891291710264,0.3663918525703201,13.775246284349125
26,Google,Carousel,45-60,2546,6,109478,10276,849,2648,58598.1,0.09386360730009682,0.2576878162709225,21.129191589394928
27,Google,Image,45-60,4980,23,184260,4396,958,5108,52780.92,0.023857592532291326,1.1619654231119199,9.332992335995257
28,Google,Video,18-24,1775,26,51475,1626,377,1799,20942.62,0.03158814958717824,1.1063960639606396,10.641254309376869
29,TikTok,Image,35-44,1739,4,104340,11963,2318,1781,163830.45,0.1146540157178455,0.14887570007523196,90.98790245245046
30,TikTok,Video,35-44,3317,6,252092,7387,751,3400,54506.16,0.029302794217983912,0.4602680384459185,15.031224597295257
31,Facebook,Carousel,45-60,4456,11,120312,8716,1535,4650,114181.71,0.0724449763947071,0.5335016062413951,23.555206846817295
32,Facebook,Image,18-24,311,1,13995,1031,132,501,2196.41,0.0736691675598428,0.4859359844810863,3.3840450013156937
33,TikTok,Carousel,18-24,1492,24,71616,4573,717,1542,34479.68,0.06385444593386953,0.3371965886726438,21.360365783740622
34,Google,Image,35-44,455,23,13195,1067,225,584,13913.02,0.08086396362258431,0.5473289597000938,22.823672875322806
35,Google,Video,18-24,2240,15,80640,2845,672,2365,42325.84,0.035280257936507936,0.8312829525483304,16.89676058975676
36,Facebook,Carousel,18-24,4487,27,94227,6670,720,4678,37778.5,0.07078650492958494,0.7013493253373313,7.075779516735399
37,TikTok,Image,18-24,293,11,7325,373,56,361,1213.81,0.05092150170648464,0.967828418230563,2.3623444706925283
38,Facebook,Video,25-34,4635,25,356895,29544,3465,4643,228064.36,0.08278064977094103,0.15715542919036013,48.12004207593165
39,Facebook,Carousel,45-60,4157,19,99768,2547,253,4158,15283.17,0.025529227808515756,1.6325088339222615,2.6756064734366736
40,Instagram,Carousel,35-44,610,18,28670,2087,513,771,8223.14,0.07279386117893268,0.36942980354575944,9.665545468645776
41,Instagram,Image,35-44,4187,17,251220,7631,2116,4374,89859.51,0.030375766260648036,0.5731883108373739,19.544012627061868
42,Instagram,Image,25-34,2775,19,66600,2707,385,2963,8538.69,0.04064564564564564,1.0945696342814923,1.8817721623734749
43,Google,Image,45-60,643,21,23791,810,192,801,6455.69,0.03404648816779454,0.9888888888888889,7.059539943049115
44,TikTok,Video,35-44,1876,14,84420,2542,697,1885,7852.18,0.030111348021795784,0.7415420928402833,3.1656108693450355
45,TikTok,Image,18-24,3279,27,127881,12894,3372,3392,128213.86,0.1008281136368968,0.2630680936869862,36.798898036460905
46,TikTok,Carousel,35-44,3337,18,200220,8294,793,3412,38453.67,0.04142443312356408,0.4113817217265493,10.270125408376684
47,TikTok,Carousel,18-24,4123,28,280364,31396,9075,4286,484339.84,0.11198299353697336,0.1365142056312906,112.00509614871837
48,Instagram,Image,25-34,183,19,8418,982,141,267,7958.65,0.11665478736041815,0.27189409368635437,28.80767680307254
49,Google,Image,18-24,3188,15,216784,15790,2128,3236,145853.95,0.07283747878072182,0.20493983533882204,44.07229728051374
50,Google,Carousel,35-44,3969,15,123039,3165,207,4038,5192.06,0.02572355106917319,1.275829383886256,0.28579928836684704
51,Instagram,Video,35-44,122,4,3172,162,27,298,497.71,0.0510718789407314,1.8395061728395061,0.6701699476802161
52,Google,Image,35-44,4544,7,354432,34645,2676,4674,186269.94,0.09774794600938967,0.1349112426035503,38.852362652956664
53,Instagram,Image,25-34,4275,13,94050,4741,531,4407,11131.3,0.050409356725146195,0.9295507276945792,1.5258221759836164
54,TikTok,Carousel,25-34,3028,3,87812,1718,222,3216,17367.77,0.019564524210814012,1.8719441210710128,4.4004265124267645
55,Instagram,Image,45-60,4411,16,233783,16656,4200,4500,289706.24,0.07124555677701117,0.27017291066282423,63.37916432071094
56,TikTok,Video,35-44,2035,9,89540,9219,2478,2060,111662.06,0.10295957114138932,0.22345156741512096,53.20488158136401
57,TikTok,Carousel,18-24,842,8,45468,4435,557,913,43835.62,0.09754112782616346,0.20586245772266065,47.01272875981354
58,Facebook,Image,25-34,4309,20,150815,4413,1168,4313,19641.52,0.02926101515101283,0.9773396782234308,3.5540276772247683
59,Instagram,Carousel,35-44,144,13,3024,254,67,158,2091.38,0.083994708994709,0.6220472440944882,12.236572277919159
60,Facebook,Image,35-44,1183,17,93457,3201,771,1305,42154.97,0.03425104593556395,0.4076850984067479,31.302660290989884
61,Instagram,Image,25-34,4967,17,213581,7262,629,5110,21700.8,0.034001151787846295,0.7036629027816028,3.2467323715996206
62,Instagram,Image,45-60,287,17,8323,883,196,287,14697.27,0.1060915535263727,0.3250283125707814,50.21000492395981
63,Facebook,Video,25-34,2996,1,170772,6397,1831,3139,26721.3,0.03745930246176188,0.49069876504611537,7.512677834262783
64,Facebook,Video,25-34,2580,8,105780,4120,909,2744,44049.07,0.03894876158063906,0.6660194174757281,15.052869852055094
65,Instagram,Carousel,18-24,2010,19,90450,911,121,2012,6214.64,0.010071862907683804,2.208562019758507,2.088785926857167
66,Google,Image,18-24,1098,6,68076,7200,1261,1277,70226.31,0.10576414595452142,0.1773611111111111,53.993196151774136
67,TikTok,Image,45-60,2579,3,190846,18547,3921,2625,109382.71,0.09718306907139788,0.14153232328678492,40.66960316871737
68,Facebook,Video,35-44,3014,27,174812,13811,2453,3108,87129.7,0.07900487380729011,0.22503801317790167,27.034009417450427
69,TikTok,Image,25-34,1013,5,46598,4311,344,1025,23755.83,0.09251470020172539,0.2377638598932962,22.1764167359343
70,Google,Video,45-60,586,13,28128,751,96,705,2270.02,0.026699374288964732,0.9387483355525965,2.219880010609183
71,Google,Image,18-24,4273,15,282018,17038,4269,4327,289782.92,0.060414583466303566,0.25396173259772276,65.9708617450464
72,Google,Carousel,25-34,3729,14,212553,10337,2742,3877,135416.08,0.048632576345664376,0.3750604624165619,33.928058259466695
73,Facebook,Image,35-44,4237,29,165243,3356,282,4302,17865.58,0.020309483608987974,1.2818831942789035,3.152854828212734
74,Google,Image,18-24,3774,23,173604,11019,3174,3955,190289.28,0.06347203981475082,0.3589254923314275,47.11359914953682
75,Facebook,Video,18-24,592,16,35520,3952,522,746,12802.47,0.11126126126126126,0.1887651821862348,16.16148799110386
76,Google,Image,18-24,895,18,65335,941,202,1060,10063.01,0.014402693808831407,1.126461211477152,8.493407635070719
77,TikTok,Image,45-60,3653,22,142467,5992,1425,3742,100805.38,0.04205886275418167,0.6244993324432577,25.938905529745583
78,TikTok,Video,35-44,3086,29,194418,6382,1614,3271,64960.49,0.032826178646010146,0.5125352554058289,18.85952076853622
79,Instagram,Carousel,25-34,2544,22,96672,3499,1002,2605,77816.68,0.036194554783184375,0.7444984281223207,28.872044769083853
80,TikTok,Carousel,45-60,4535,11,176865,19442,2493,4636,103846.06,0.10992564950668589,0.23845283407056886,21.399926039419935
81,Instagram,Video,45-60,2769,3,149526,9193,2432,2942,48627.83,0.06148094645747228,0.32002610682040683,15.528833034106285
82,TikTok,Video,45-60,1934,22,127644,7823,648,2072,24144.76,0.06128764375920529,0.26486002812220377,10.652875042627056
83,Facebook,Video,18-24,4188,10,87948,8237,1863,4387,142741.51,0.09365761586391959,0.5325968192303023,31.537385643353073
84,TikTok,Video,35-44,4399,10,215551,5818,1370,4406,44361.23,0.02699129208400796,0.757304915778618,9.068368009916483
85,Instagram,Video,45-60,3251,21,234072,14886,3266,3347,231124.6,0.0635958166717933,0.2248421335483004,68.05425793510842
86,Instagram,Carousel,25-34,2760,16,146280,8381,947,2876,67888.11,0.05729423024336888,0.3431571411526071,22.605044398015462
87,Google,Carousel,35-44,2003,12,82123,6213,1666,2201,57498.75,0.075654810467226,0.35425720263962657,25.123922066148705
88,Facebook,Video,25-34,4787,2,105314,12632,1164,4850,18423.83,0.1199460660500978,0.3839455351488284,2.798728655250619
89,TikTok,Image,35-44,3900,9,97500,9227,585,3920,35520.65,0.09463589743589744,0.4248401430584155,8.061389382666736
90,Google,Video,25-34,739,24,25126,1350,309,938,9828.01,0.05372920480776885,0.6948148148148148,9.477623696879016
91,TikTok,Image,18-24,2000,3,92000,9294,1569,2114,101678.5,0.10102173913043479,0.2274585754250054,47.09768238122477
92,TikTok,Video,45-60,506,24,14674,422,110,696,4508.44,0.028758348098677933,1.6492890995260663,5.477647028168584
93,Google,Video,25-34,2180,25,61040,814,118,2264,5188.3,0.013335517693315858,2.7813267813267815,1.2916533974161015
94,Google,Carousel,35-44,4026,15,209352,6801,626,4217,40347.99,0.03248595666628454,0.6200558741361565,8.567936970291886
95,Google,Image,45-60,4294,3,218994,10390,2692,4313,98972.55,0.04744422221613378,0.4151106833493744,21.94749503947442
96,Google,Image,45-60,1229,19,82343,5448,1020,1236,41839.29,0.06616227244574524,0.22687224669603523,32.85056023952758
97,Google,Carousel,35-44,4335,18,108375,8416,818,4392,29720.67,0.07765628604382929,0.5218631178707225,5.767000510416341
98,TikTok,Carousel,25-34,3615,8,216900,23895,5498,3660,196354.67,0.11016597510373444,0.15317011927181418,52.6488171337743
99,Google,Carousel,18-24,932,26,72696,4804,854,962,39981.09,0.06608341586882359,0.20024979184013322,40.560380839053266
100,Facebook,Carousel,18-24,449,17,24695,1608,323,541,21516.96,0.06511439562664507,0.3364427860696517,38.77256088756196
101,Instagram,Image,25-34,658,8,51324,796,131,666,4627.42,0.015509313381653808,0.8366834170854272,5.94807120169659
102,Google,Image,45-60,1688,7,133352,1845,474,1702,22134.77,0.013835563021177034,0.9224932249322493,12.00515371765106
103,Google,Video,45-60,2198,7,46158,3260,839,2291,47781.82,0.07062697690541185,0.7027607361963191,19.856314196090768
104,TikTok,Video,45-60,1432,3,68736,4000,909,1585,26234.43,0.05819366852886406,0.39625,15.551692093565658
105,Google,Carousel,45-60,1453,1,33419,3419,261,1590,7680.34,0.10230707082797211,0.4650482597250658,3.830403550670888
106,Google,Carousel,25-34,869,4,17380,480,124,897,9342.03,0.02761795166858458,1.86875,9.414744640539118
107,Google,Carousel,45-60,3342,25,126996,1618,352,3421,21347.89,0.01274055875775615,2.1143386897404204,5.240249016918452
108,TikTok,Video,35-44,869,5,39105,2322,520,904,26209.6,0.059378596087456846,0.38931955211024977,27.992914839080132
109,Google,Video,45-60,469,1,20636,745,104,552,5755.4,0.03610195774374879,0.7409395973154362,9.426452891634158
110,Instagram,Video,18-24,4269,15,123801,1913,516,4377,6218.3,0.015452217671908951,2.288029273392577,0.42067532211456965
111,TikTok,Video,45-60,4567,5,328824,29497,6823,4684,363442.16,0.089704522784225,0.15879580974336374,76.59226246411657
112,Instagram,Video,25-34,3352,13,113968,2538,198,3388,9041.79,0.02226940895690018,1.3349093774625689,1.6687700657873195
113,TikTok,Video,18-24,1558,8,121524,9347,1420,1643,68447.52,0.07691484809584938,0.1757783245961271,40.660084096211754
114,Google,Video,25-34,817,8,33497,1370,372,887,13079.4,0.04089918500164194,0.6474452554744525,13.745655524999409
115,Instagram,Carousel,25-34,2094,5,146580,4263,263,2244,4129.93,0.029083094555873927,0.5263898662913441,0.8404342499533245
116,TikTok,Carousel,18-24,2189,28,146663,7593,2204,2357,51868.38,0.05177174883917553,0.3104174897932306,21.006099686749007
117,Facebook,Carousel,25-34,3079,9,123160,12089,2657,3171,203399.01,0.09815686911334849,0.26230457440648525,63.143490763300164
118,Google,Carousel,25-34,1599,1,124722,6626,1377,1678,53164.55,0.053126152563300784,0.2532447932387564,30.68328415214263
119,TikTok,Video,45-60,1814,4,136050,12596,1481,1915,63191.04,0.09258360896729144,0.15203239123531279,31.997933558739266
120,Facebook,Image,35-44,2695,3,110495,2630,295,2850,4038.46,0.0238019819901353,1.0836501901140685,0.41700251244684744
121,TikTok,Video,25-34,3766,2,207130,19678,5618,3941,70953.3,0.0950031381258147,0.20027441813192398,17.003881103898962
122,Facebook,Image,25-34,4655,8,246715,8897,1108,4820,66704.59,0.036061852745070226,0.5417556479712262,12.839127185258613
123,Google,Carousel,25-34,4531,23,222019,18763,4575,4689,218074.82,0.08451078511298582,0.2499067313329425,45.507744974362524
124,Instagram,Video,45-60,2343,9,103092,7446,1104,2356,50352.8,0.07222674892329181,0.31641149610529146,20.372155543392655
125,Facebook,Carousel,35-44,4887,2,312768,35094,2976,5003,80407.7,0.11220457335788828,0.14255998176326437,15.071897297151777
126,TikTok,Video,18-24,2758,14,129626,6819,359,2830,22305.59,0.05260518723095675,0.41501686464290954,6.881832468501748
127,Google,Carousel,45-60,950,14,19000,328,61,1040,1328.37,0.01726315789473684,3.1707317073170733,0.27727903153198097
128,Facebook,Image,45-60,3134,4,213112,2580,758,3223,17657.94,0.012106310296933069,1.2492248062015503,4.4787271171745955
129,TikTok,Image,35-44,2059,6,131776,13303,1892,2087,79936.72,0.1009516148615833,0.15688190633691648,37.30221369111912
130,TikTok,Image,35-44,291,11,6693,453,63,469,1892.49,0.06768265351860152,1.0353200883002207,3.0351688526943694
131,TikTok,Video,45-60,2435,3,63310,6031,820,2483,22404.38,0.09526141209919443,0.4117061847123197,8.023107177922915
132,Facebook,Image,18-24,4318,8,293624,10507,1892,4488,104375.27,0.035783859630002995,0.42714380888931186,22.256522648093416
133,Facebook,Video,45-60,721,3,20188,968,155,792,8613.04,0.04794927679809788,0.8181818181818182,9.875054842956072
134,Facebook,Image,35-44,213,14,11715,155,41,345,2776.36,0.013230900554844216,2.225806451612903,7.047431856016801
135,Instagram,Image,18-24,514,28,19532,2261,398,555,15617.36,0.11575875486381323,0.24546660769570985,27.139388605165962
136,Facebook,Video,35-44,3092,13,61840,5161,913,3226,13800.87,0.08345730918499353,0.6250726603371439,3.278012451172121
137,Facebook,Video,18-24,4642,13,134618,15165,1282,4683,37378.82,0.1126520970449717,0.3088031651829871,6.981811100331328
138,Facebook,Image,25-34,4845,2,266475,10447,3089,5008,242796.58,0.03920442818275636,0.47937206853642195,47.481745468659696
139,Instagram,Video,35-44,2492,13,69776,5390,606,2596,31353.29,0.07724719101123595,0.4816326530612245,11.077538043671503
140,Facebook,Image,35-44,4848,29,310272,26259,1794,4874,107068.78,0.0846321936881188,0.1856125518869721,20.96733342415103
141,TikTok,Video,45-60,2405,19,156325,7023,1515,2462,15930.3,0.04492563569486646,0.3505624377046846,5.4704702809809955
142,Facebook,Carousel,35-44,4328,27,264008,27269,5422,4373,250899.8,0.10328853671100875,0.1603652499174887,56.374754994867125
143,TikTok,Carousel,35-44,4774,6,243474,27801,4275,4839,53980.45,0.11418467680327263,0.1740584871047804,10.155290507623908
144,TikTok,Carousel,25-34,2607,16,132957,14270,2219,2631,110608.53,0.10732793309114977,0.1843728100911002,41.040489868553635
145,TikTok,Carousel,35-44,595,2,14875,1358,334,667,24867.62,0.09129411764705882,0.49116347569955815,36.28279230058687
146,Instagram,Carousel,25-34,4769,8,319523,12947,1280,4885,99570.35,0.04051977478929529,0.37730748435931105,19.38287698932171
147,Instagram,Image,25-34,3885,17,221445,9074,2314,4039,110698.72,0.04097631466052519,0.4451179193299537,26.407457875587507
148,Instagram,Carousel,25-34,643,23,23148,2684,569,771,23940.3,0.1159495420770693,0.28725782414307005,30.050969381576863
149,Facebook,Carousel,25-34,4889,2,141781,1578,244,4975,18580.89,0.011129841092953216,3.152724968314322,2.734852657239051
150,TikTok,Carousel,18-24,3854,10,265926,23605,3883,3927,221923.89,0.08876529560855276,0.16636305867400975,55.51232198498134
151,Instagram,Carousel,45-60,1509,28,69414,6086,694,1678,10092.81,0.0876768375255712,0.27571475517581334,5.014783671022605
152,Instagram,Video,18-24,3543,16,258639,20302,4832,3722,205847.02,0.0784955091846164,0.18333169145896955,54.305486133867376
153,Facebook,Image,35-44,2651,6,182919,21751,3876,2803,103943.28,0.1189105560384651,0.12886763826950484,36.08286778798963
154,Instagram,Carousel,18-24,2494,28,134676,5967,776,2675,33279.77,0.04430633520449078,0.4482989777107424,11.441035791062573
155,Facebook,Carousel,18-24,2722,2,193262,9160,1822,2846,76310.08,0.04739679812896482,0.3106986899563319,25.813098753932316
156,Google,Carousel,35-44,4250,2,331500,6193,1851,4316,93938.5,0.018681749622926094,0.6969158727595672,20.765176575696508
157,Instagram,Image,35-44,66,26,2640,154,24,71,839.37,0.058333333333333334,0.461038961038961,10.822174982911859
158,Google,Video,35-44,3241,13,142604,5520,1546,3365,33237.35,0.038708591624358364,0.6096014492753623,8.87736940271041
159,Facebook,Image,18-24,442,24,20774,992,135,499,6110.15,0.04775199768941946,0.5030241935483871,11.244786887525223
160,TikTok,Video,18-24,474,15,31284,3184,202,543,13759.07,0.10177726633422836,0.17054020100502512,24.338984870440285
161,Instagram,Carousel,35-44,621,28,21114,2383,240,673,13555.41,0.11286350288907834,0.2824171212757029,19.141761413871794
162,Facebook,Carousel,45-60,3681,2,84663,2576,398,3746,13406.93,0.030426514534093996,1.454192546583851,2.57899859708396
163,TikTok,Image,45-60,1170,7,56160,2862,300,1227,22645.98,0.05096153846153846,0.42872117400419285,17.456384252596578
164,TikTok,Image,25-34,291,3,22698,2545,127,372,9379.53,0.11212441624812759,0.1461689587426326,24.21377771076675
165,Google,Video,35-44,3947,8,110516,1856,517,4033,12746.32,0.016793948387563793,2.1729525862068964,2.16050547327313
166,Facebook,Video,25-34,4145,23,190670,3843,1002,4146,12784.75,0.020155242041223057,1.0788446526151445,2.083634688939281
167,TikTok,Image,45-60,2329,14,104805,2924,688,2478,42581.43,0.027899432278994322,0.847469220246238,16.18378829466211
168,Instagram,Video,25-34,838,24,31844,2403,220,874,14945.2,0.07546162542394172,0.36371202663337493,16.09976890706746
169,Instagram,Image,35-44,764,23,57300,1521,121,911,9407.81,0.026544502617801048,0.598948060486522,9.326907654893501
170,Google,Video,35-44,4904,27,230488,26849,1796,5006,129830.23,0.11648762625386137,0.18645014711907335,24.93492438369605
171,TikTok,Image,35-44,2899,22,104364,6171,1425,2922,74153.34,0.05912958491433828,0.4735051045211473,24.37759860663582
172,Facebook,Image,18-24,825,29,51150,3333,940,936,44277.44,0.06516129032258064,0.2808280828082808,46.30496145317805
173,Instagram,Image,25-34,4076,7,309776,11502,1813,4140,21663.31,0.037130055265740404,0.3599374021909233,4.232683047278944
174,TikTok,Video,45-60,2297,21,137820,8518,679,2489,18513.58,0.06180525322884922,0.29220474289739373,6.438160272612411
175,TikTok,Video,45-60,128,7,7808,646,115,256,4849.9,0.08273565573770492,0.39628482972136225,17.944916997851788
176,Google,Video,45-60,3976,1,274344,25412,3486,4092,188227.52,0.09262823316711866,0.1610262867936408,44.99890559589253
177,Instagram,Image,18-24,905,17,35295,3279,471,1020,23082.59,0.09290267743306417,0.3110704483074108,21.62999308285098
178,Instagram,Video,18-24,2198,9,140672,10348,2124,2302,131655.12,0.07356119199272065,0.22245844607653653,56.19162421627878
179,Facebook,Video,35-44,1081,21,63779,6982,1603,1083,47422.65,0.10947176970476176,0.15511314809510168,42.78822466743754
180,Instagram,Image,45-60,4990,13,289420,28917,2245,5035,111232.3,0.09991362034413655,0.17411903032818066,21.091817734376598
181,Facebook,Carousel,18-24,3321,21,225828,21064,1240,3375,20050.75,0.09327452751651699,0.16022597797189517,4.940961992983928
182,Instagram,Image,35-44,3626,19,261072,4207,1256,3700,48929.47,0.016114328614328613,0.879486570002377,12.224181846874476
183,Google,Video,45-60,4232,21,177744,1911,206,4423,12877.32,0.010751417769376182,2.314495028780743,1.9114445424384687
184,Instagram,Image,25-34,3506,19,231396,7721,489,3550,28625.11,0.03336704178118896,0.4597850019427535,7.0634116092608945
185,Facebook,Carousel,35-44,3556,25,181356,15050,1466,3709,116319.76,0.08298595028562607,0.2464451827242525,30.361487648586955
186,Facebook,Image,18-24,457,25,32447,1792,107,533,3151.4,0.05522852652017136,0.2974330357142857,4.912578862379536
187,Google,Video,18-24,2761,22,182226,9888,1462,2953,65604.69,0.054262289684238255,0.29864482200647247,21.21628610818321
188,Instagram,Carousel,35-44,3138,17,163176,17509,4387,3161,145065.49,0.1073013188213953,0.1805357244845508,44.89227926790783
189,Instagram,Video,35-44,1718,23,130568,14168,1917,1752,78294.53,0.10851050793456284,0.12365894974590627,43.68865974634741
190,Google,Carousel,18-24,197,23,12805,1408,226,220,15816.95,0.10995704802811401,0.15625,70.89523206606236
191,Instagram,Carousel,25-34,4377,10,105048,4677,1023,4404,59226.21,0.044522503998172265,0.9416292495189224,12.44827699233595
192,Instagram,Image,45-60,3947,10,244714,21049,3730,3962,267705.4,0.08601469470483912,0.18822746923844363,66.56824711278486
193,Facebook,Image,25-34,2000,4,134000,5343,1417,2058,34356.27,0.039873134328358206,0.38517686692869174,15.694007208668522
194,Instagram,Video,35-44,415,8,21995,681,181,596,12875.49,0.030961582177767673,0.8751835535976505,20.60316336082386
195,Instagram,Image,25-34,1724,22,101716,3082,161,1867,2283.52,0.030300051122733887,0.6057754704737184,0.22309632029480048
196,Google,Image,18-24,4581,20,137430,6546,1600,4595,115523.12,0.04763152150185549,0.7019553926061717,24.141048837641147
197,Google,Carousel,35-44,4544,20,313536,17964,2967,4554,98015.33,0.05729485609308022,0.2535070140280561,20.522910245102896
198,TikTok,Image,45-60,2596,18,57112,5791,1721,2788,55108.37,0.10139725451743942,0.4814367121395269,18.76627410236463
199,Facebook,Carousel,18-24,612,14,47124,1092,186,690,8527.39,0.023172905525846704,0.6318681318681318,11.35854096900957
200,Instagram,Carousel,18-24,3612,18,187824,17062,5062,3726,383944.16,0.0908403611891984,0.21838002578830149,102.0445950396806
201,Instagram,Carousel,45-60,2539,28,76170,5214,1244,2606,16600.8,0.06845214651437574,0.4998082086689682,5.370223037780806
202,TikTok,Video,45-60,822,14,28770,1198,134,864,4643.93,0.04164059784497741,0.7212020033388982,4.374914983985637
203,Instagram,Video,25-34,2087,20,77219,4958,915,2155,64013.44,0.06420699568758984,0.4346510689794272,28.704610614926985
204,Facebook,Video,35-44,3473,21,170177,7316,2180,3613,82237.91,0.042990533385827694,0.49384909786768727,21.76166987452317
205,TikTok,Carousel,45-60,2617,24,175339,13250,3503,2754,83865.26,0.0755678998967714,0.2078490566037736,29.452165163317648
206,Facebook,Video,45-60,1623,15,120102,6932,515,1697,20463.83,0.05771760670097084,0.2448066935949221,11.05882748202557
207,TikTok,Video,35-44,3744,22,108576,3049,690,3846,25522.19,0.02808171234895373,1.261397179403083,5.636033755082588
208,TikTok,Image,45-60,3341,4,123617,2821,384,3381,28446.39,0.02282048585550531,1.1985111662531018,7.413601743692692
209,Google,Video,45-60,1296,13,73872,5181,268,1473,16973.89,0.0701348278102664,0.28430804863925885,10.523346156782416
210,Facebook,Video,25-34,3769,27,143222,15649,2360,3967,107045.09,0.10926393989750179,0.2534986261102946,25.98388954094022
211,Instagram,Carousel,18-24,3889,23,213895,10231,1111,3947,87975.58,0.04783188012810024,0.3857882904896882,21.28922700125072
212,Instagram,Carousel,18-24,409,8,31902,2891,736,447,31331.1,0.09062127766284246,0.1546177793151159,69.09194275466571
213,Facebook,Carousel,18-24,2426,18,77632,6400,859,2428,12091.84,0.08244023083264633,0.379375,3.980165060635564
214,Instagram,Carousel,18-24,3059,12,229425,25803,6628,3065,187964.79,0.11246812683883622,0.1187846374452583,60.326197177579246
215,Instagram,Carousel,45-60,3043,23,197795,19840,994,3091,40281.78,0.10030587224146212,0.15579637096774193,12.03195859387246
216,Facebook,Carousel,35-44,1012,14,22264,1610,204,1037,4280.57,0.07231404958677685,0.6440993788819875,3.1278394144711625
217,TikTok,Video,35-44,3682,2,106778,8784,968,3842,73887.01,0.08226413680720748,0.4373861566484517,18.231393274262665
218,Facebook,Carousel,25-34,1877,18,106989,11642,1261,1977,80299.75,0.10881492489882137,0.1698161827864628,39.61697127484817
219,TikTok,Carousel,25-34,1663,24,33260,1794,120,1838,3453.61,0.05393866506313891,1.024526198439242,0.8790057038048369
220,Instagram,Image,45-60,1690,2,125060,5746,556,1768,28554.11,0.04594594594594595,0.3076923076923077,15.150516088527874
221,Instagram,Video,35-44,2266,11,169950,1901,359,2267,21720.02,0.011185642836128273,1.1925302472382957,8.580951618069497
222,Instagram,Video,35-44,4362,9,200652,20249,2487,4488,188737.25,0.10091601379502821,0.22164057484320213,41.05375417410527
223,Google,Video,18-24,427,12,27755,2722,420,625,30120.08,0.0980724193838948,0.2296105804555474,47.19212682521131
224,TikTok,Carousel,45-60,4264,17,115128,2474,356,4423,16398.59,0.02148912514766173,1.7877930476960389,2.707571846114466
225,Google,Carousel,45-60,4335,15,303450,22289,5995,4466,385032.97,0.07345196902290328,0.20036789447709633,85.2142794214375
226,Google,Carousel,18-24,419,25,27235,1662,459,438,22651.71,0.06102441711033597,0.26353790613718414,50.71623502392764
227,Facebook,Image,45-60,2246,17,137006,3159,547,2362,26633.03,0.02305738434813074,0.7477049699271922,10.275627413142985
228,Google,Carousel,45-60,3797,26,136692,16110,2135,3960,38498.19,0.11785620226494602,0.24581005586592178,8.721764059000702
229,Facebook,Image,25-34,701,29,19628,659,50,732,941.48,0.033574485428979006,1.110773899848255,0.286177326579962
230,Facebook,Video,35-44,819,26,20475,356,102,846,4800.87,0.017387057387057387,2.3764044943820224,4.674787247352655
231,Google,Carousel,45-60,2471,18,153202,11556,751,2547,21644.05,0.07542982467591806,0.220404984423676,7.497860785059434
232,TikTok,Image,25-34,830,22,36520,3333,414,830,4749.65,0.09126506024096386,0.24902490249024903,4.722469196752266
233,TikTok,Image,35-44,1766,6,102428,1389,172,1953,10422.98,0.013560745108759324,1.406047516198704,4.336909377858964
234,TikTok,Carousel,18-24,4033,17,274244,22613,2941,4088,36098.02,0.08245576931491665,0.18078096670057048,7.830238664531374
235,TikTok,Video,25-34,1361,23,107519,7370,671,1395,34670.15,0.06854602442359024,0.189280868385346,23.85315643487989
236,TikTok,Video,25-34,3409,24,160223,3422,841,3520,40152.34,0.02135773266010498,1.0286382232612508,10.406914392123578
237,Google,Video,35-44,572,18,29744,861,69,601,5369.37,0.0289470145239376,0.6980255516840883,7.934068145575367
238,Google,Image,18-24,571,8,41683,3021,630,624,27653.8,0.072475589568889,0.20655412115193644,43.31698629043429
239,Instagram,Image,25-34,4928,9,275968,11756,951,4963,13743.95,0.042599141929499075,0.42216740387887036,1.7692822123050516
240,TikTok,Image,45-60,2370,6,66360,7512,508,2552,24698.02,0.1132007233273056,0.3397231096911608,8.677909143886277
241,Google,Image,45-60,985,5,36445,3646,1011,1064,69634.38,0.10004115790917821,0.2918266593527153,64.44584210009539
242,Instagram,Video,45-60,2280,12,171000,20210,1971,2337,157245.3,0.11818713450292398,0.11563582384957942,66.28510729666678
243,TikTok,Carousel,18-24,4090,25,319020,12302,3140,4172,125989.43,0.0385618456523102,0.33913184847992195,29.198808623407995
244,Facebook,Image,25-34,4633,29,185320,21621,4024,4697,130461.75,0.11666846535721995,0.217242495721752,26.775548176811245
245,Instagram,Image,45-60,4991,28,104811,6019,418,5059,30708.68,0.057427178445010545,0.8405050672869248,5.070107821469755
246,Google,Video,18-24,3747,11,288519,13914,4019,3874,93992.15,0.048225593461782415,0.27842460830817883,23.262299476764383
247,Facebook,Carousel,45-60,2887,25,178994,2781,310,2937,16454.81,0.015536833636881683,1.0560949298813376,4.6025902132156995
248,Facebook,Carousel,35-44,4133,1,322374,5094,1349,4154,51801.61,0.015801522455284857,0.8154691794267765,11.470296840492754
249,Facebook,Video,25-34,2511,11,198369,17083,1575,2617,20279.33,0.08611728647117241,0.15319323303869345,6.7490755584065605
250,Instagram,Video,25-34,3293,19,187701,11331,2985,3401,102415.93,0.060367286269119504,0.3001500308887124,29.113474479910483
251,Google,Carousel,18-24,3409,9,262493,9165,488,3524,13940.21,0.03491521678673336,0.384506273867976,2.9557906721598646
252,Facebook,Image,18-24,735,27,43365,3362,598,835,34699.78,0.07752796033667704,0.24836406900654373,40.55661760966989
253,TikTok,Carousel,25-34,2210,2,121550,4596,1113,2390,85050.27,0.03781160016454134,0.520017406440383,34.58588605655956
254,Facebook,Video,45-60,4038,12,278622,20489,5812,4137,167172.32,0.07353690663335989,0.2019132217287325,39.40906882115663
255,Facebook,Image,45-60,4116,4,325164,16099,4464,4279,298206.88,0.04951040090538928,0.26579290639170133,68.69078678806206
256,Instagram,Image,35-44,1617,4,100254,10084,2570,1684,35659.23,0.10058451533105911,0.16699722332407774,20.175315360581873
257,Instagram,Video,45-60,88,18,4928,494,134,123,6387.58,0.1002435064935065,0.24898785425101214,50.931504668076805
258,Google,Video,18-24,2594,15,88196,5513,550,2773,8216.18,0.06250850378701982,0.5029929258117177,1.9629201056007723
259,TikTok,Video,18-24,4925,19,231475,11247,1361,5105,102595.32,0.0485884004752133,0.45389881746243443,19.097027045057004
260,Instagram,Carousel,45-60,1306,13,48322,2410,294,1483,18711.51,0.04987376350316626,0.6153526970954357,11.617336044417458
261,Facebook,Carousel,18-24,3040,19,161120,15891,2292,3208,128481.48,0.09862835153922542,0.20187527531307028,39.05033782844912
262,Google,Image,25-34,2246,17,92086,4245,629,2391,42566.16,0.046098212540451315,0.5632508833922262,16.802659005827675
263,Facebook,Video,25-34,3518,6,105540,3482,648,3539,35851.5,0.032992230433958686,1.0163699023549684,9.13040348320503
264,Facebook,Image,45-60,2758,16,212366,4102,369,2823,28717.83,0.01931570967103962,0.6882008776206728,9.17280686468719
265,Instagram,Image,25-34,351,24,26676,1636,364,371,21831.65,0.06132853501274554,0.22677261613691932,57.84541377788243
266,Google,Image,25-34,696,12,22272,1403,128,795,9564.94,0.06299389367816093,0.5666429080541696,11.031372505480416
267,TikTok,Image,35-44,4808,19,110584,11334,1445,4935,66757.89,0.10249222310641684,0.4354155637903653,12.52743482814104
268,TikTok,Video,35-44,1809,5,74169,2546,447,1852,8132.95,0.03432700993676603,0.7274155538098979,3.39143924524972
269,Instagram,Image,25-34,4401,17,114426,5939,1479,4503,69472.24,0.05190253963260098,0.7582084526014481,14.427990117460572
270,Instagram,Video,45-60,647,26,40114,3968,931,693,17578.3,0.09891808346213292,0.17464717741935484,24.36551544714544
271,Google,Video,35-44,711,23,51903,5221,1103,749,56776.42,0.1005914879679402,0.14345910745067994,74.8029659909349
272,TikTok,Carousel,18-24,4380,26,188340,9851,876,4408,38346.47,0.05230434320908994,0.44746726220688254,7.699290941823115
273,TikTok,Video,18-24,1418,29,32614,1973,368,1471,19717.54,0.06049549273318207,0.7455651292448049,12.404175559600581
274,TikTok,Carousel,18-24,2631,1,123657,5361,385,2720,4120.77,0.04335379315364274,0.5073680283529193,0.5149875512601882
275,Facebook,Video,45-60,3918,28,133212,14997,2164,4002,51154.44,0.11257994775245474,0.26685337067413484,11.78221830983372
276,TikTok,Video,25-34,3587,27,71740,1653,253,3603,11231.46,0.023041538890437693,2.17967332123412,2.1172528307421143
277,Facebook,Video,18-24,4915,25,363710,40994,2457,4994,188047.11,0.11271067608809217,0.1218227057618188,36.65460703999105
278,Google,Carousel,45-60,4358,24,95876,8171,968,4545,35673.35,0.08522466519254036,0.5562354668951168,6.8489215785402715
279,Facebook,Carousel,35-44,4608,23,152064,10412,3008,4766,119435.77,0.06847117003367004,0.4577410679984633,24.059960932826964
280,Google,Image,25-34,332,10,18924,257,74,404,4442.13,0.013580638342845064,1.5719844357976653,9.995360745183918
281,TikTok,Carousel,35-44,3728,15,257232,16029,2213,3776,115663.54,0.06231339802201903,0.23557302389419177,29.631233059108197
282,TikTok,Carousel,45-60,1536,23,116736,6403,389,1636,12029.76,0.054850260416666664,0.2555052319225363,6.353153464044995
283,Google,Carousel,18-24,4132,21,82640,2291,217,4133,8410.3,0.02772265246853824,1.8040157136621562,1.0349143597070476
284,Instagram,Carousel,18-24,4233,21,241281,19834,2936,4408,74101.66,0.08220290864179111,0.2222446304325905,15.810722019314522
285,Google,Image,45-60,510,11,29070,3396,974,651,75603.34,0.11682146542827658,0.19169611307420495,115.13416756297637
286,Instagram,Carousel,18-24,2375,13,95000,6824,582,2433,11142.04,0.07183157894736843,0.356535756154748,3.5795498169530764
287,Facebook,Video,25-34,3804,5,254868,22587,5440,3900,195995.45,0.08862234568482509,0.17266569265506707,49.255242964844236
288,Facebook,Video,45-60,2518,1,120864,2118,163,2616,1924.82,0.017523828435266085,1.2351274787535411,-0.2642115164257157
289,Facebook,Carousel,35-44,1774,24,42576,2381,703,1959,17943.77,0.05592352499060504,0.8227635447291054,8.159657375216854
290,TikTok,Carousel,45-60,1426,12,96968,2210,321,1528,20747.19,0.02279102384291725,0.6914027149321267,12.57800162264534
291,Facebook,Video,25-34,2793,11,80997,6269,1528,2978,36797.7,0.07739792831833278,0.47503589089168924,11.356515394767811
292,Instagram,Video,25-34,564,17,26508,3001,407,742,6351.01,0.11321110608118304,0.24725091636121294,7.559307733221335
293,Facebook,Image,45-60,752,4,30080,2490,515,753,22254.04,0.08277925531914894,0.3024096385542169,28.55383417449544
294,Google,Video,45-60,1703,15,117507,2167,212,1743,2267.94,0.01844145455164373,0.8043377941855099,0.3011723714631408
295,Google,Video,18-24,2116,25,55016,2696,233,2238,3712.54,0.049003926130580196,0.8301186943620178,0.6588632612571467
296,TikTok,Carousel,25-34,72,9,1584,111,31,153,2062.55,0.07007575757575757,1.3783783783783783,12.480706777461805
297,Google,Video,45-60,2510,21,160640,8731,2439,2653,156103.64,0.05435134462151395,0.3038598098728668,57.84042373459503
298,Instagram,Image,45-60,1354,20,89364,9088,2470,1485,182927.5,0.10169643256792445,0.16340228873239437,122.18350306263065
299,Facebook,Video,25-34,3350,19,130650,13014,2685,3489,187456.18,0.09960964408725603,0.2680958967266021,52.727766173524046
300,TikTok,Carousel,45-60,411,19,15618,1207,304,439,17577.98,0.07728262261493149,0.3637116818558409,39.04094757572512
301,Facebook,Carousel,18-24,3777,12,203958,10418,700,3911,9564.31,0.05107914374528089,0.3754079477826838,1.4454896465692866
302,Facebook,Video,25-34,1334,5,30682,1168,156,1347,10108.71,0.0380679225604589,1.1532534246575343,6.504607949825019
303,Instagram,Carousel,18-24,564,10,13536,293,37,575,2559.87,0.02164598108747045,1.9624573378839592,3.4519530436122636
304,Google,Image,18-24,498,17,9960,488,101,596,6659.51,0.04899598393574297,1.221311475409836,10.173675789610266
305,Google,Image,18-24,1905,5,43815,2429,337,2037,15365.02,0.05543763551295219,0.8386167146974063,6.542965362256423
306,Facebook,Video,18-24,3612,22,111972,9443,822,3692,21621.17,0.08433358339584897,0.39097744360902253,4.85622204655774
307,TikTok,Video,25-34,2570,16,203030,16729,3331,2675,230415.59,0.08239669014431365,0.15990196664474865,85.13666932012725
308,Google,Video,18-24,3131,7,144026,2550,646,3162,39342.3,0.017705136572563288,1.24,11.442220827466496
309,TikTok,Carousel,18-24,1478,28,110850,5928,862,1551,67799.13,0.05347767253044655,0.2616396761133603,42.713171671581755
310,Google,Image,45-60,4017,9,245037,7350,610,4187,12748.07,0.029995470071866696,0.5696598639455782,2.0446797048431655
311,TikTok,Image,25-34,972,3,40824,1112,110,1052,2837.62,0.027238879090730944,0.9460431654676259,1.6973548379285395
312,Instagram,Carousel,25-34,3187,15,140228,14163,1549,3255,38455.27,0.1009998003251847,0.22982418979029867,10.814216095745419
313,TikTok,Image,35-44,2209,16,88360,1290,161,2253,10541.92,0.014599366229062924,1.7465116279069768,3.679060444337534
314,Instagram,Video,25-34,2597,18,199969,11220,2364,2702,54569.42,0.05610869684801144,0.2408199643493761,19.19593612752241
315,Instagram,Video,25-34,3029,14,215059,6129,1227,3165,17995.41,0.02849915604555029,0.5163974547234459,4.685754433972752
316,TikTok,Video,35-44,2331,3,100233,10697,2396,2507,191438.62,0.10672133927947881,0.23436477517060858,75.36163481473541
317,Instagram,Image,25-34,2699,12,118756,8464,1190,2859,13967.27,0.0712721883525885,0.3377835538752363,3.885370308982484
318,Facebook,Video,25-34,363,9,23232,823,210,462,14378.09,0.03542527548209366,0.5613608748481167,30.121401914145725
319,Instagram,Carousel,25-34,2663,28,197062,12861,1299,2808,46212.81,0.0652637241071338,0.21833449965010496,15.457552315598598
320,Google,Carousel,25-34,3133,7,203645,18422,3081,3141,212321.21,0.09046134204129735,0.17050265986320703,66.59669092835658
321,TikTok,Image,35-44,2306,9,117606,13570,3395,2367,165755.56,0.1153852694590412,0.1744288872512896,69.02769739599857
322,Facebook,Carousel,25-34,1087,13,80438,2754,261,1271,19082.8,0.034237549416942244,0.4615105301379811,14.01400673699119
323,TikTok,Carousel,25-34,3539,18,180489,19398,1502,3567,112399.93,0.1074746937486495,0.18388493659140118,30.51105427295594
324,Google,Image,35-44,2684,5,64416,7264,1967,2808,20922.73,0.11276701440635867,0.3865638766519824,6.451114166862553
325,Google,Video,45-60,4033,13,221815,24578,3336,4146,50970.25,0.11080404841872732,0.16868744405565952,11.293837756352127
326,Google,Video,18-24,1828,4,118820,9493,2097,1980,57720.16,0.07989395724625484,0.2085747392815759,28.15159490591206
327,Instagram,Video,45-60,3945,2,240645,19078,1074,4087,61059.13,0.07927860541461489,0.21422580983331585,13.93984169371374
328,Instagram,Image,35-44,1174,16,79832,4339,965,1307,69652.79,0.054351638440725526,0.3012214796035953,52.2921093147301
329,TikTok,Carousel,18-24,747,9,45567,4226,545,866,22996.79,0.09274255491913007,0.2049219119734974,25.55517949407007
330,TikTok,Video,35-44,2229,9,171633,11746,750,2398,39366.09,0.06843672254170236,0.20415460582325898,15.416217099415734
331,Facebook,Video,35-44,1454,6,84332,7127,1442,1610,33447.18,0.08451121756865722,0.22590150133295916,19.774642944834746
332,Facebook,Image,25-34,1093,11,38255,2185,240,1171,15923.44,0.057116716769049794,0.5359267734553775,12.59815782170138
333,TikTok,Video,18-24,1979,22,102908,9309,1365,2071,106078.2,0.09045943949935865,0.22247287571167687,50.220763418553375
334,Instagram,Image,25-34,1063,24,72284,7278,510,1066,14688.98,0.1006861822810027,0.14646881011266832,12.779532743950401
335,Google,Carousel,18-24,276,22,11040,288,24,357,1071.31,0.02608695652173913,1.2395833333333333,2.0008616209773606
336,TikTok,Image,35-44,1878,1,52584,5343,665,2062,10658.7,0.10160885440438155,0.38592551001310127,4.169110060170563
337,Facebook,Image,35-44,4967,4,124175,8621,624,5143,30663.09,0.06942621300583854,0.5965665236051502,4.9621017216220995
338,Instagram,Image,45-60,2073,13,145110,14933,4146,2244,187377.81,0.10290813865343533,0.150271211410969,82.5016980805453
339,TikTok,Image,18-24,2502,23,160128,9198,473,2576,9512.29,0.057441546762589925,0.2800608828006088,2.6926599341516377
340,TikTok,Carousel,25-34,2135,13,115290,5959,1018,2148,41681.64,0.05168705004770578,0.36046316496056385,18.404859565546566
341,Instagram,Carousel,45-60,4333,13,251314,27809,2247,4463,75021.32,0.11065440047112378,0.1604876119241972,15.809617012479393
342,TikTok,Video,45-60,1130,2,46330,1743,221,1243,10282.72,0.03762141161234621,0.7131382673551349,7.272504940443507
343,Instagram,Carousel,45-60,2370,9,142200,14627,4117,2431,209949.72,0.10286216596343178,0.1661994940862788,85.36352238882174
344,Google,Carousel,25-34,3240,24,236520,14958,1352,3345,14324.02,0.06324200913242009,0.2236261532290413,3.2822187023576403
345,Instagram,Video,45-60,2680,8,64320,4280,1247,2743,78898.21,0.06654228855721393,0.6408878504672897,27.763475119091026
346,Instagram,Carousel,25-34,2613,7,159393,7002,710,2714,42536.81,0.04392915623647212,0.3876035418451871,14.673106229008297
347,Instagram,Image,45-60,3342,4,140364,10251,2412,3514,85963.79,0.07303154655039754,0.34279582479758075,23.463230918357773
348,TikTok,Image,25-34,4671,18,168156,7697,1436,4776,19681.12,0.04577297271581151,0.620501494088606,3.120837571896485
349,TikTok,Video,35-44,3636,3,112716,1614,437,3821,27463.39,0.014319173852869158,2.3674101610904583,6.187486624450325
350,Instagram,Video,35-44,4481,28,188202,7512,1415,4500,108760.1,0.03991455988778015,0.5990415335463258,23.168911032302006
351,TikTok,Video,35-44,2997,6,104895,1122,206,3054,5522.99,0.010696410696410696,2.72192513368984,0.8084433577725753
352,Facebook,Image,35-44,4009,12,88198,10373,1025,4120,33462.89,0.11761037665253181,0.39718499951797936,7.122060930978755
353,Facebook,Carousel,35-44,2863,12,140287,16305,1492,2919,34117.42,0.11622602236843044,0.17902483900643973,10.688050077931058
354,TikTok,Image,45-60,2633,21,200108,10699,2986,2828,150451.19,0.05346612829072301,0.26432376857650247,52.20056170492871
355,TikTok,Video,45-60,211,28,8651,779,102,329,2125.57,0.09004739336492891,0.42233632862644416,5.460691664993399
356,Instagram,Carousel,45-60,643,8,18004,864,123,739,4296.83,0.04798933570317707,0.8553240740740741,4.8143841044688465
357,Google,Carousel,25-34,3309,22,158832,13313,3194,3400,187778.17,0.08381812229273698,0.2553894689401337,54.22887342806544
358,TikTok,Image,25-34,4205,22,277530,27363,3685,4256,181331.92,0.09859474651389039,0.15553850089536966,41.606183697664804
359,Facebook,Video,25-34,3012,1,168672,19252,5544,3048,205418.39,0.11413868336179094,0.158321213380428,66.39448555261978
360,Instagram,Image,25-34,3938,4,165396,8935,2095,3945,82579.6,0.05402186268108056,0.44152210408505876,19.93272600889126
361,TikTok,Carousel,35-44,3440,21,110080,10585,2110,3483,104123.78,0.09615734011627906,0.3290505432215399,28.89485425307235
362,Facebook,Image,35-44,4551,28,232101,9110,2461,4648,25620.32,0.03925015402777239,0.5102085620197585,4.512116323821274
363,Facebook,Image,35-44,713,11,46345,5512,343,845,5315.02,0.11893408134642357,0.15330188679245282,5.289966794758784
364,Google,Video,18-24,1182,3,83922,1077,123,1299,8817.63,0.012833345249159933,1.2061281337047354,5.788015368313727
365,Instagram,Video,45-60,591,13,39006,2979,495,659,7648.51,0.07637286571296724,0.22121517287680428,10.606232127485926
366,Instagram,Carousel,25-34,3024,25,202608,16724,1785,3182,106165.11,0.08254363105109373,0.1902654867256637,32.36427069343263
367,Google,Image,25-34,917,17,38514,3300,778,961,57885.28,0.08568312821311731,0.2912121212121212,59.23442082973882
368,Google,Image,35-44,2116,22,135424,3147,880,2252,25474.11,0.02323812618147448,0.7156021607880522,10.311771769532253
369,Instagram,Image,25-34,481,22,17316,1960,305,512,10959.99,0.11319011319011318,0.2612244897959184,20.406234728946544
370,Instagram,Carousel,25-34,4885,10,361490,10819,1466,4917,73042.71,0.02992890536391048,0.4544782327387004,13.85513822814415
371,TikTok,Carousel,45-60,4328,21,255352,20045,5820,4453,417408.23,0.07849948306651211,0.2221501621351958,92.7364101124544
372,TikTok,Video,35-44,1256,12,50240,1732,279,1322,21185.42,0.03447452229299363,0.7632794457274826,15.025276943416042
373,Google,Video,45-60,2578,15,54138,2370,408,2607,25201.93,0.043777014296797076,1.1,8.667022004625169
374,TikTok,Video,18-24,1219,21,68264,4786,660,1332,10601.83,0.0701101605531466,0.2783117425825324,6.959334047662812
375,Facebook,Image,18-24,880,10,22000,1229,340,908,19325.87,0.055863636363636365,0.7388120423108218,20.283996587807763
376,TikTok,Image,18-24,1701,14,107163,2960,569,1831,22032.4,0.027621473829586705,0.6185810810810811,11.03298593238019
377,TikTok,Video,35-44,1186,13,43882,1263,303,1370,13013.57,0.028781732828950368,1.084718923198733,8.49895488993096
378,Facebook,Image,25-34,2860,5,140140,7847,1984,2889,26665.73,0.055994005994005995,0.36816617815725755,8.23008946041474
379,Google,Video,35-44,525,6,21525,2008,272,661,6357.82,0.09328687572590012,0.3291832669322709,8.618491880718095
380,Facebook,Carousel,35-44,2860,24,208780,22710,3597,3013,235013.42,0.10877478685697864,0.1326728313518274,76.99980791267745
381,TikTok,Video,25-34,1376,2,71552,1377,360,1505,15039.76,0.019244745080500895,1.092955700798838,8.993197736083767
382,Google,Carousel,45-60,1069,22,52381,2788,392,1130,12197.61,0.05322540615872167,0.4053084648493544,9.794346823326304
383,TikTok,Image,18-24,1886,17,67896,1427,354,1888,13055.99,0.02101743843525392,1.3230553608969866,5.915250345790077
384,Facebook,Video,45-60,4306,4,266972,3156,900,4479,62827.17,0.011821464423235395,1.4192015209125475,13.027052766134819
385,Facebook,Image,18-24,2498,14,127398,10547,2170,2565,135472.95,0.08278779886654422,0.24319711766379065,51.815965202266256
386,TikTok,Carousel,35-44,4343,10,264923,20205,4756,4367,138219.24,0.07626744374780596,0.21613462014352883,30.650845438407618
387,Instagram,Carousel,18-24,1333,3,93310,2606,654,1511,11919.23,0.027928410674097095,0.5798158096699924,6.888308567122734
388,Instagram,Carousel,35-44,709,25,23397,835,218,849,6025.49,0.03568833611146728,1.0167664670658683,6.097164737677897
389,Facebook,Image,45-60,2060,3,158620,1999,297,2103,22112.53,0.012602446097591728,1.0520260130065033,9.5147535032943
390,Facebook,Image,35-44,448,15,12992,1323,83,610,4209.03,0.10183189655172414,0.46107331821617537,5.900051062142752
391,Instagram,Image,45-60,1783,6,117678,13793,2075,1837,98238.0,0.11720967385577594,0.13318349887624156,52.47740899302107
392,Instagram,Image,25-34,2175,17,171825,4278,934,2311,48332.21,0.024897424705368834,0.540205703599813,19.913982495842983
393,TikTok,Carousel,25-34,2221,12,155470,5513,896,2350,31917.29,0.035460217405287195,0.4262651913658625,12.581826735158057
394,TikTok,Carousel,25-34,124,22,6820,719,170,312,11304.57,0.10542521994134897,0.4339360222531293,35.23260750577629
395,Instagram,Video,35-44,4747,20,251591,28155,3920,4787,182789.75,0.11190781864216129,0.17002308648552655,37.18461391434898
396,TikTok,Video,25-34,3521,24,98588,5536,1155,3692,20989.07,0.056152878646488415,0.666907514450867,4.685012984522513
397,TikTok,Image,18-24,886,29,54046,841,81,949,1541.8,0.015560818561965733,1.1284185493460166,0.6246567521399229
398,Google,Carousel,45-60,549,11,25803,369,87,579,4139.47,0.01430066271363795,1.5691056910569106,6.149347499483499
399,TikTok,Carousel,45-60,187,25,5610,410,76,233,5742.55,0.07308377896613191,0.5682926829268292,23.646152618613154
400,Facebook,Carousel,18-24,2147,4,70851,3770,380,2276,12002.17,0.05321025814737971,0.6037135278514589,4.2733595942824625
401,TikTok,Video,35-44,3746,26,217268,2857,351,3841,24874.63,0.013149658486293425,1.344417220861043,5.476080843236394
402,TikTok,Video,35-44,1935,28,143190,10618,2518,2011,159859.49,0.0741532229904323,0.189395366359013,78.4925351021349
403,Instagram,Carousel,45-60,2807,26,185262,2082,355,2916,9708.14,0.011238138420183308,1.4005763688760806,2.3292658457601627
404,Facebook,Carousel,25-34,3970,6,289810,27998,2912,4038,36527.7,0.09660812256305855,0.1442245874705336,8.045987651506405
405,TikTok,Carousel,35-44,1950,1,74100,3238,944,2007,16170.07,0.04369770580296896,0.6198270537368746,7.056834718788566
406,TikTok,Video,35-44,2660,20,194180,2801,640,2765,39036.53,0.014424760531465651,0.9871474473402356,13.11809339470717
407,Google,Carousel,18-24,4036,23,137224,10253,2966,4079,71115.43,0.07471725062671253,0.3978347800643714,16.434525867124066
408,TikTok,Carousel,18-24,1499,28,70453,3786,593,1572,21341.46,0.05373795296154883,0.4152139461172742,12.575989764744847
409,TikTok,Image,25-34,596,16,25628,3001,506,651,22830.18,0.1170984860309037,0.21692769076974341,34.06940777257691
410,Google,Image,35-44,4726,15,127602,8914,2446,4896,148674.66,0.06985783921882102,0.5492483733452995,29.366556332115376
411,Instagram,Video,35-44,2053,17,127286,5126,929,2179,16653.43,0.0402715145420549,0.42508778774873196,6.642692266425389
412,TikTok,Carousel,18-24,2146,8,60088,5290,1199,2307,46096.33,0.08803754493409666,0.43610586011342156,18.98107169264731
413,Google,Carousel,35-44,753,28,49698,1981,223,782,9801.99,0.03986075898426496,0.39475012619888944,11.534511651812629
414,Facebook,Image,45-60,2453,26,127556,13963,2257,2523,108015.27,0.10946564646116215,0.18069182840363818,41.81223457664033
415,Instagram,Video,18-24,1675,12,87100,4461,360,1872,24222.69,0.05121699196326062,0.41963685272360457,11.939470172627916
416,Facebook,Image,25-34,3381,27,128478,9055,919,3498,20234.06,0.07047899251233675,0.3863059083379348,4.784464919133832
417,Facebook,Image,18-24,4783,22,105226,1637,82,4837,5456.95,0.015556991618041168,2.9547953573610264,0.1281688098996924
418,Google,Image,35-44,3028,21,87812,4994,298,3094,17433.44,0.0568714982007015,0.6195434521425711,4.634597285634183
419,TikTok,Image,25-34,4786,10,282374,28677,8440,4926,412808.48,0.10155680055529191,0.17177529030233288,82.80196448005383
420,Google,Carousel,18-24,2889,27,190674,18804,2079,2891,122592.29,0.098618584599893,0.15374388427994043,41.404804904768696
421,Google,Carousel,45-60,3434,15,209474,7263,1567,3459,60864.23,0.03467256079513448,0.47624948368442793,16.595902221915924
422,Google,Image,45-60,2709,9,54180,1889,490,2765,9647.04,0.03486526393503138,1.4637374272101642,2.4889827120096464
423,Google,Video,18-24,1911,2,91728,9163,1719,2036,97301.53,0.0998931623931624,0.22219797009712977,46.79053603199001
424,Instagram,Video,45-60,2906,5,200514,22526,1988,3057,92893.4,0.11234128290293945,0.1357098463997159,29.387110957923188
425,TikTok,Video,45-60,735,6,38955,798,185,787,10129.9,0.020485175202156335,0.9862155388471178,11.871542143620003
426,Facebook,Video,45-60,4333,7,303310,18048,3610,4530,121512.29,0.05950347828953875,0.2509973404255319,25.823905511236074
427,Facebook,Image,25-34,1669,21,53408,2516,585,1711,42986.19,0.04710904733373277,0.6800476947535771,24.123428604363692
428,TikTok,Carousel,45-60,4693,25,342589,36237,8785,4880,449053.1,0.10577397406221449,0.1346689847393548,91.01907800830963
429,Facebook,Video,45-60,1481,1,29620,568,166,1666,2652.38,0.019176232275489535,2.933098591549296,0.5920629456542339
430,TikTok,Image,45-60,925,23,49025,1628,314,973,13026.69,0.03320754716981132,0.5976658476658476,12.388172369664279
431,Facebook,Video,25-34,4763,26,228624,21209,2871,4804,180714.88,0.09276803835117924,0.22650761469187608,36.61758457989762
432,Google,Video,18-24,2511,7,168237,2631,558,2704,36598.9,0.015638652615060897,1.0277461041429115,12.535094667626687
433,Facebook,Image,35-44,1415,20,93390,5993,402,1425,17937.96,0.06417175286433237,0.23777740697480393,11.588042852471698
434,TikTok,Carousel,45-60,1293,25,41376,2425,665,1395,48300.5,0.05860885537509668,0.5752577319587628,33.624013922721915
435,TikTok,Carousel,18-24,212,12,14204,664,53,309,1523.05,0.04674739509997184,0.46536144578313254,3.928964084112764
436,TikTok,Image,45-60,2024,16,137632,7349,969,2169,37540.91,0.05339601255521972,0.2951421962171724,16.307934363149666
437,TikTok,Carousel,25-34,3341,16,240552,16428,4171,3425,304073.34,0.06829292626957996,0.2084855125395666,87.78053722009408
438,TikTok,Image,18-24,319,11,15312,424,84,418,6109.99,0.027690700104493208,0.9858490566037735,13.617199743667186
439,Instagram,Image,25-34,681,21,39498,2880,427,784,24765.95,0.07291508430806623,0.2722222222222222,30.589227882869533
440,Instagram,Image,45-60,955,4,41065,4048,681,1134,47757.6,0.09857542919761354,0.2801383399209486,41.114288078762115
441,Facebook,Carousel,45-60,3521,13,158445,14833,3910,3566,63397.24,0.09361608129003755,0.24040989685161465,16.778251028020435
442,TikTok,Image,25-34,3303,7,118908,3202,432,3346,30477.45,0.026928381605947457,1.0449718925671456,8.108621661841948
443,Facebook,Video,35-44,2064,4,53664,1417,378,2085,12263.6,0.02640503875968992,1.4714184897671136,4.8818238500330935
444,TikTok,Carousel,25-34,1691,15,54112,2137,153,1871,3439.93,0.039492164399763455,0.8755264389330838,0.8385518429215376
445,TikTok,Carousel,45-60,254,19,6096,303,73,440,1953.18,0.04970472440944882,1.4521452145214522,3.4390451447905837
446,Instagram,Carousel,25-34,631,9,28395,1559,408,744,16017.18,0.054904032400070434,0.477228992944195,20.52846853343631
447,Instagram,Carousel,35-44,890,11,60520,5130,489,1014,13488.3,0.08476536682088566,0.1976608187134503,12.3020732915295
448,Google,Video,25-34,1769,8,38918,631,99,1892,3211.53,0.016213577265018757,2.9984152139461173,0.697427785990665
449,Instagram,Carousel,35-44,2693,1,70018,967,88,2722,1711.47,0.013810734382587335,2.814891416752844,-0.3712463357085543
450,Google,Carousel,35-44,2347,23,180719,9598,2175,2354,66842.91,0.05311007697032409,0.24525942904771827,27.39545987950617
451,Google,Image,25-34,924,25,62832,5446,1001,1021,50109.93,0.08667557932263814,0.1874770473742196,48.07926237508131
452,Google,Carousel,25-34,739,24,42862,1340,279,795,11419.4,0.031263123512668564,0.5932835820895522,13.36402882895406
453,Google,Video,18-24,4050,8,291600,23492,2328,4160,79781.29,0.08056241426611797,0.17708155967989103,18.178194550722136
454,Google,Video,45-60,3191,13,63820,2462,253,3263,15749.67,0.03857724851143842,1.325345247766044,3.8267444689118872
455,Facebook,Video,35-44,1472,22,100096,10757,649,1586,47082.16,0.10746683184143223,0.14743887701031885,28.686102144009098
456,Instagram,Video,18-24,721,27,25956,2816,367,740,23111.92,0.10849129295731237,0.2627840909090909,30.23231775184132
457,Google,Carousel,25-34,1221,4,75702,3232,613,1245,20376.15,0.04269372011307495,0.38521039603960394,15.366385644875194
458,TikTok,Carousel,45-60,3776,8,166144,5864,1550,3794,96271.98,0.03529468412942989,0.6469986357435198,24.374795785549438
459,Instagram,Video,18-24,993,3,77454,4278,927,997,19131.99,0.055232783329460064,0.23305282842449743,18.189562728927964
460,Instagram,Video,35-44,1499,29,32978,1202,190,1573,3633.23,0.03644854145187701,1.3086522462562395,1.3097452267095797
461,Google,Carousel,18-24,3787,9,128758,10810,3116,3914,106548.17,0.08395594836825673,0.3620721554116559,26.222322258131577
462,Facebook,Video,35-44,2589,29,124272,12534,2880,2660,191632.8,0.10085940517574353,0.212222754108824,71.04240511251199
463,Google,Image,25-34,4009,2,288648,24258,6853,4163,186705.72,0.08404007649455392,0.17161348833374557,43.8488392228212
464,Facebook,Video,45-60,4310,2,267220,26903,4893,4349,70594.93,0.10067734451014146,0.16165483403337919,15.232450007331972
465,TikTok,Video,45-60,2411,28,122961,6599,757,2436,14549.29,0.05366742300404193,0.3691468404303682,4.9726142325881595
466,Instagram,Image,45-60,3702,13,166590,4530,286,3728,20052.07,0.02719250855393481,0.8229580573951435,4.378775287007025
467,TikTok,Image,25-34,3720,15,293880,26794,6203,3909,337225.04,0.09117326800054444,0.14589087109054266,85.2688769685648
468,Facebook,Carousel,35-44,1803,28,63105,3133,251,1885,6958.74,0.0496474130417558,0.6016597510373444,2.691641612949862
469,Facebook,Carousel,25-34,2402,23,105688,8860,1113,2529,54393.1,0.08383165543864961,0.28544018058690745,20.507749209694982
470,TikTok,Image,45-60,1988,12,145124,5771,1056,2165,49558.69,0.039765993219591525,0.37515162016981457,21.890847893617508
471,Facebook,Image,25-34,420,26,19740,373,71,589,3967.52,0.01889564336372847,1.579088471849866,5.736021753565511
472,TikTok,Carousel,25-34,4998,4,139944,16679,3338,5154,87866.6,0.11918338764077059,0.3090113316146052,16.048235150592717
473,Instagram,Video,25-34,4529,26,339675,9233,845,4695,59579.44,0.027181865018031943,0.5085021119896025,11.689975866357534
474,TikTok,Image,35-44,1981,8,148575,17639,2556,2168,80912.22,0.11872118458690897,0.12290946198764102,36.32113612885419
475,Instagram,Carousel,18-24,474,9,9480,1113,227,642,13299.75,0.11740506329113924,0.5768194070080862,19.71612458205982
476,TikTok,Video,18-24,4774,23,229152,22301,6522,4806,72581.55,0.09731968300516687,0.21550603111968072,14.102277581100912
477,Facebook,Image,25-34,944,5,71744,5921,1373,1040,49546.08,0.08252954950936664,0.17564600574227326,46.64045841742932
478,TikTok,Video,18-24,647,24,26527,1951,547,757,18936.97,0.07354770611075508,0.3880061506919528,24.015811003491113
479,Facebook,Carousel,18-24,3112,20,108920,11466,2758,3127,132505.1,0.10526992287917737,0.2727193441479156,41.3745135216619
480,TikTok,Image,25-34,2386,18,143160,5989,1185,2408,17883.47,0.04183431126012853,0.4020704625146101,6.426691409642213
481,TikTok,Video,25-34,4738,11,331660,20378,1997,4872,130422.46,0.06144244105409154,0.23908136225341053,25.76979982207978
482,Google,Image,45-60,1737,15,109431,8550,1852,1762,46753.1,0.07813142528168435,0.20608187134502923,25.534110749799993
483,Facebook,Video,18-24,622,28,43540,2404,494,717,28351.97,0.05521359669269637,0.29825291181364394,38.542493219832515
484,Google,Carousel,35-44,2140,22,156220,8908,1787,2151,118343.8,0.057022148252464475,0.2414683430624158,54.01804021227504
485,Facebook,Carousel,25-34,3719,9,223140,10338,1782,3790,87908.53,0.04632965851035224,0.3666086283613852,22.194863198302468
486,Google,Image,45-60,4322,17,112372,8098,1475,4454,91246.19,0.07206421528494643,0.550012348728081,19.486347349359004
487,Instagram,Video,35-44,4674,27,154242,15973,2134,4779,120208.69,0.10355804514982948,0.29919238715332125,24.153524469277574
488,TikTok,Image,18-24,1683,26,80784,2598,467,1799,16292.27,0.032159833630421866,0.6924557351809084,8.056291867092346
489,Facebook,Image,45-60,1567,12,59546,6716,667,1763,44435.61,0.1127867530984449,0.26250744490768313,24.204540662210526
490,Facebook,Video,25-34,4343,7,165034,14159,3558,4519,108978.32,0.08579444235733243,0.31916095769475245,23.11558379811675
491,TikTok,Video,35-44,2707,10,56847,5716,551,2732,27541.68,0.10055060073530706,0.47795661301609516,9.081142839559302
492,Facebook,Video,25-34,3698,25,221880,15793,1125,3830,69950.07,0.07117811429601587,0.2425125055404293,17.26372635963348
493,Facebook,Carousel,18-24,4998,26,319872,30626,4871,5019,177922.6,0.09574454781912765,0.1638803630901848,34.44981003561879
494,Google,Image,35-44,3638,25,123692,1457,312,3650,9732.44,0.011779258157358601,2.5051475634866165,1.6664231644834417
495,Facebook,Image,18-24,1587,10,34914,3492,556,1742,23437.75,0.10001718508334766,0.4988545246277205,12.454504429349173
496,Instagram,Carousel,18-24,3187,27,95610,1378,164,3347,11030.22,0.014412718334902206,2.4288824383164007,2.29555450108404
497,Instagram,Video,45-60,147,13,10584,1141,216,253,16220.42,0.1078042328042328,0.22173531989482909,63.112320390365426
498,TikTok,Carousel,25-34,3265,19,212225,25279,3456,3287,166426.58,0.11911414772057957,0.13002887772459354,49.63175516856241
499,Facebook,Carousel,35-44,4580,11,224420,9503,2691,4676,151510.39,0.042344710810088226,0.4920551404819531,31.401708532253274
500,TikTok,Carousel,18-24,4782,13,363432,12042,3379,4799,247441.31,0.03313412137621343,0.3985218402258761,50.56101476727867
501,Instagram,Image,18-24,3800,21,224200,21117,3707,3916,62641.92,0.09418822479928635,0.18544300800303073,14.996405125930647
502,Facebook,Carousel,35-44,3207,8,118659,4489,592,3236,15537.34,0.03783109582922492,0.7208732457117398,3.801401812970915
503,Facebook,Image,18-24,4733,8,331310,34857,8166,4758,486881.42,0.10520962240801666,0.13650055942852224,101.32900831726135
504,TikTok,Image,45-60,393,4,26331,561,33,536,2232.85,0.021305685313888573,0.9554367201426025,3.1657643787638285
505,Instagram,Image,45-60,4716,15,99036,2362,398,4754,27856.83,0.02384991316289026,2.012701100762066,4.859661070527956
506,Facebook,Video,45-60,660,28,33660,3962,531,820,20739.53,0.11770647653000595,0.20696617869762746,24.29211434597298
507,TikTok,Image,45-60,1777,11,47979,4036,1130,1930,18366.79,0.08412013589278643,0.4781962338949455,8.516469570614854
508,Instagram,Image,18-24,2340,11,95940,9896,524,2515,21297.82,0.10314780070877631,0.2541430881164107,7.4683199154473385
509,TikTok,Video,35-44,1904,1,47600,2174,409,2096,10695.93,0.04567226890756303,0.9641214351425943,4.103020666807227
510,Google,Image,35-44,2658,17,82398,6955,1635,2823,49677.43,0.08440738852884778,0.40589503953989936,16.59739081628184
511,Facebook,Carousel,35-44,2129,15,140514,10590,1813,2258,116138.48,0.07536615568555446,0.21322001888574127,50.43422304616822
512,Google,Carousel,35-44,2374,20,180424,13774,982,2486,15011.73,0.07634239347315214,0.1804849716857848,5.038508404432608
513,Instagram,Image,25-34,4677,6,275943,23476,6881,4810,467431.05,0.08507554096316992,0.204890100528199,96.17901143948644
514,Google,Video,35-44,1227,24,67485,4945,887,1272,35423.97,0.07327554271319553,0.2572295247724975,26.84903580096121
515,Google,Carousel,25-34,1141,22,38794,2218,451,1190,23327.74,0.057173789761303294,0.5365193868349865,18.60314143264352
516,Instagram,Video,25-34,2841,28,133527,5388,588,3006,9570.09,0.04035138960659642,0.5579064587973274,2.1836612899735686
517,TikTok,Video,45-60,1799,25,127729,12076,2063,1904,69348.02,0.09454391719969624,0.1576681020205366,35.422281778138
518,Google,Carousel,25-34,2725,15,207100,7225,1136,2870,18493.02,0.03488652824722356,0.3972318339100346,5.443559958209247
519,TikTok,Video,18-24,831,9,56508,4868,334,985,25820.89,0.08614709421674807,0.202341824157765,25.21410379792928
520,Google,Carousel,25-34,3098,14,198272,7071,541,3266,35981.0,0.03566312943834732,0.4618865789845849,10.01683976117119
521,TikTok,Video,45-60,2155,18,79735,6282,1629,2226,68701.92,0.07878597855396,0.3543457497612225,29.863397564810043
522,Instagram,Carousel,25-34,3917,26,82257,7582,833,3990,21368.26,0.09217452618014273,0.5262463729886574,4.355454785151193
523,Google,Image,18-24,4592,17,146944,5004,494,4608,37218.88,0.03405378919860627,0.920863309352518,7.077013354934873
524,Instagram,Carousel,18-24,2163,18,138432,2297,404,2352,13785.19,0.016592984281091076,1.023944275141489,4.861050904404235
525,Google,Carousel,18-24,4020,5,293460,7162,1734,4176,36880.29,0.024405370408232808,0.583077352694778,7.831487145166079
526,Instagram,Carousel,45-60,2041,20,69394,5319,348,2226,17198.68,0.07664927803556504,0.4184997179921038,6.726273361517673
527,Instagram,Carousel,45-60,1117,20,43563,4506,875,1186,66556.16,0.10343640245162179,0.2632046160674656,55.11818285929172
528,Google,Video,35-44,1627,9,78096,1167,93,1776,954.94,0.014943146896127843,1.5218508997429305,-0.46231126624037167
529,Google,Image,45-60,1061,11,82758,7510,443,1066,11814.25,0.09074651393218783,0.14194407456724367,10.082787419612101
530,Google,Carousel,18-24,2324,24,141764,6740,425,2349,32168.82,0.047543805197370274,0.34851632047477743,12.694685952409376
531,Facebook,Video,18-24,4919,22,236112,14789,3823,5085,84014.32,0.06263552890153826,0.34383663533707487,15.52198930002854
532,TikTok,Image,45-60,1864,1,41008,4600,365,2003,6543.37,0.11217323449083105,0.43543478260869567,2.2667849173227146
533,Facebook,Image,25-34,2476,18,94088,4376,268,2574,13376.71,0.046509650539920074,0.5882084095063985,4.196857874282958
534,Facebook,Image,45-60,4452,6,97944,5992,955,4593,67164.26,0.061177815894797025,0.7665220293724967,13.623178660409184
535,Instagram,Image,45-60,4924,27,359452,4135,1079,4945,46826.1,0.01150362218043021,1.1958887545344619,8.469384131531292
536,Google,Carousel,18-24,2601,2,85833,1628,188,2651,14968.47,0.018967063949762913,1.6283783783783783,4.646346894744754
537,TikTok,Carousel,35-44,3707,15,218713,8408,1306,3857,75149.88,0.0384430737999113,0.45872978116079927,18.484023015754033
538,Instagram,Video,18-24,57,29,4446,58,3,232,45.56,0.013045434098065677,4.0,-0.8036390926112327
539,Facebook,Video,35-44,2605,26,192770,15315,2485,2803,197553.15,0.07944700938942782,0.18302317988899772,69.47918277063133
540,Google,Video,18-24,525,21,12075,687,133,628,5127.5,0.0568944099378882,0.9141193595342066,7.164801503859193
541,Instagram,Image,45-60,2261,14,176358,12397,2389,2438,71952.33,0.07029451456696038,0.19666048237476808,28.512848947899936
542,Google,Image,18-24,534,5,42186,1232,163,622,7995.4,0.029204001327454605,0.5048701298701299,11.854343222867643
543,Instagram,Carousel,18-24,4704,6,333984,14211,1831,4844,57313.1,0.04254994251221615,0.3408627119836746,10.831772098199872
544,Google,Image,18-24,2335,6,70050,5815,445,2472,7143.15,0.08301213418986439,0.42510748065348236,1.8896243312268386
545,Facebook,Image,45-60,4613,22,355201,41268,5847,4795,59054.61,0.11618210534317189,0.11619172239992245,11.315872062330811
546,TikTok,Image,45-60,3575,18,178750,2778,207,3583,8584.46,0.01554125874125874,1.2897768178545717,1.3958869058929955
547,Facebook,Video,45-60,3389,14,210118,22680,5480,3467,375820.81,0.10793934836615617,0.15286596119929452,107.3994256608367
548,TikTok,Video,45-60,2872,10,146472,10759,3136,2923,156994.63,0.07345431208695177,0.27167952411934193,52.710102480162305
549,Google,Carousel,35-44,4993,14,229678,16543,4839,5122,386851.49,0.07202692465103319,0.3096173608172641,74.52742842075591
550,Instagram,Image,35-44,2974,13,145726,9476,2523,3126,75889.99,0.06502614495697405,0.3298860278598565,23.2770268994728
551,Facebook,Image,25-34,308,3,19096,336,67,320,1985.33,0.017595307917888565,0.9523809523809523,5.204169542889561
552,TikTok,Carousel,45-60,332,6,6972,138,31,382,656.66,0.019793459552495698,2.7681159420289854,0.7189956248891597
553,Facebook,Image,35-44,1948,29,132464,10080,1222,2133,26254.0,0.07609614687764223,0.21160714285714285,11.308485391569045
554,TikTok,Image,18-24,4185,8,117180,5566,1156,4218,34637.3,0.04749957330602492,0.7578153072224219,7.211782681160045
555,Facebook,Video,45-60,3026,12,142222,15772,2585,3060,169314.41,0.11089704827663793,0.1940147096119706,54.33150529158325
556,TikTok,Carousel,25-34,2317,13,115850,6339,1080,2447,79275.21,0.05471730686232197,0.38602303202397853,31.396899620807297
557,TikTok,Carousel,25-34,3250,11,256750,6614,1583,3369,123879.41,0.025760467380720544,0.5093740550347747,35.77037971959281
558,Google,Carousel,25-34,662,12,35086,3109,374,848,9821.34,0.08861084193125462,0.2727565133483435,10.581772575760766
559,TikTok,Carousel,18-24,737,1,55275,2336,302,806,21650.63,0.04226142017186793,0.3450342465753425,25.861823963128906
560,Google,Video,35-44,3740,17,127160,8621,2423,3915,79905.35,0.06779647687952187,0.4541236515485442,19.410049985269257
561,TikTok,Video,18-24,662,16,44354,3848,246,853,4403.11,0.08675654957839203,0.22167359667359668,4.161915799039566
562,Instagram,Image,45-60,2357,11,103708,11307,1938,2503,137407.58,0.10902726887028966,0.2213672945962678,53.89715597126076
563,Instagram,Image,25-34,3063,13,168465,16364,4552,3129,248208.7,0.09713590360015434,0.1912124175018333,78.32524749851154
564,Instagram,Image,18-24,1831,18,49437,4172,845,1933,18193.83,0.08439023403523677,0.463326941514861,8.412225816448423
565,TikTok,Image,18-24,2641,11,73948,6267,1169,2713,46863.09,0.08474874235949587,0.43290250518589435,16.273531810648358
566,Google,Video,35-44,2746,28,211442,24115,2711,2861,81622.89,0.11405018870423095,0.11863985071532242,27.52949764306925
567,Google,Carousel,35-44,4008,12,308616,13128,1783,4140,109789.33,0.042538300023329964,0.3153564899451554,25.51916186490814
568,TikTok,Video,25-34,624,6,34944,353,92,690,3840.0,0.01010187728937729,1.954674220963173,4.565218152493169
569,Instagram,Image,18-24,1960,9,131320,5241,994,2098,78774.1,0.03991014316174231,0.4003052852509063,36.54723478574941
570,Instagram,Video,18-24,3654,16,233856,7943,1419,3774,19627.82,0.033965346195949646,0.47513533929245877,4.200799970282349
571,Google,Carousel,35-44,719,4,41702,3453,258,812,8991.58,0.08280178408709414,0.2351578337677382,10.073369096577112
572,Instagram,Carousel,18-24,4414,3,225114,17943,969,4609,42377.29,0.07970628215037714,0.2568689739731372,8.194464815593353
573,Facebook,Video,18-24,1333,28,102641,7726,2247,1529,101607.88,0.07527206476943911,0.19790318405384416,65.45381087401127
574,Google,Video,18-24,973,16,69083,814,117,1101,3757.51,0.011782927782522472,1.3525798525798525,2.4128196052119573
575,Instagram,Video,35-44,1175,24,42300,3814,765,1265,46700.82,0.09016548463356974,0.33167278447823806,35.917640584327884
576,Google,Image,25-34,1579,27,85266,3887,271,1670,19303.95,0.04558675204653672,0.4296372523797273,10.559252685081349
577,Facebook,Video,45-60,1644,26,92064,7655,1690,1706,127950.49,0.08314867917970108,0.22286087524493794,74.0002892285939
578,Google,Video,25-34,296,25,11248,801,226,324,14996.58,0.0712126600284495,0.4044943820224719,45.28573216348304
579,Google,Video,45-60,3761,12,236943,11302,2191,3772,152363.48,0.04769923568115538,0.33374623960361,39.39328866938312
580,Google,Carousel,18-24,1610,11,77280,1916,156,1686,7571.95,0.02479296066252588,0.8799582463465553,3.4910763243003267
581,Google,Carousel,25-34,2450,5,191100,3895,761,2490,51605.07,0.020381998953427526,0.6392811296534018,19.7249260328339
582,Facebook,Image,45-60,2293,25,59618,6049,1461,2422,45649.34,0.10146264550974537,0.40039675979500744,17.84778893004173
583,TikTok,Image,35-44,3914,18,183958,20423,3096,3950,117318.32,0.11101990671783776,0.1934093913724722,28.700839828938975
584,Google,Carousel,35-44,1989,19,55692,4537,1224,2161,39393.11,0.08146591970121382,0.47630592902799207,17.22911014529055
585,Google,Carousel,25-34,3119,23,146593,3133,664,3294,28364.16,0.021372098258443446,1.051388445579317,7.610857119495924
586,Instagram,Carousel,25-34,276,23,6900,374,102,299,3059.04,0.05420289855072464,0.7994652406417112,9.230897859344026
587,Google,Video,18-24,3597,6,172656,15570,3205,3695,247787.53,0.09017931609674729,0.23731535003211304,66.0602238348539
588,Instagram,Video,25-34,314,22,24178,2315,191,463,6092.73,0.09574820084374225,0.2,12.159249841114002
589,TikTok,Carousel,18-24,1445,18,52020,1196,152,1544,2563.19,0.02299115724721261,1.2909698996655519,0.6600996667748705
590,Facebook,Video,18-24,3607,26,126245,1262,126,3745,5906.53,0.009996435502396135,2.967511885895404,0.5771768770533101
591,Facebook,Video,35-44,695,6,29190,2578,714,752,9993.81,0.08831791709489552,0.2916989914662529,12.289643538151482
592,TikTok,Image,35-44,3040,4,152000,7482,1796,3213,31857.49,0.049223684210526315,0.4294306335204491,8.915184210493228
593,Facebook,Carousel,45-60,1949,12,42878,1629,356,1977,9027.18,0.03799151079807827,1.2136279926335174,3.566101961947627
594,TikTok,Carousel,35-44,2554,19,102160,1166,146,2716,6205.66,0.011413469068128426,2.3293310463121784,1.2848525603076169
595,TikTok,Video,35-44,2822,29,126990,8817,846,2964,34117.12,0.06943066383179777,0.33616876488601566,10.510499396538675
596,TikTok,Carousel,25-34,1204,27,66220,6862,1640,1263,108204.63,0.10362428269405013,0.18405712620227338,84.67270447974698
597,Facebook,Image,35-44,637,29,38857,4481,755,731,46631.24,0.11532027691278277,0.16313322918991296,62.791019778078514
598,Instagram,Image,45-60,4621,2,258776,18691,1989,4662,79246.3,0.07222849105017466,0.24942485688299182,15.998347505861293
599,TikTok,Image,25-34,1871,17,134712,8970,1831,1913,61080.87,0.06658649563513273,0.2132664437012263,30.92936136171902
600,Google,Carousel,45-60,1035,11,42435,821,49,1108,1575.49,0.019347236950630377,1.3495736906211937,0.4219205138365887
601,Facebook,Carousel,35-44,4129,11,251869,17725,2331,4305,149602.78,0.07037388483695889,0.24287729196050775,33.75093574768024
602,TikTok,Carousel,45-60,3398,21,105338,5456,911,3589,12430.66,0.05179517363154797,0.6578079178885631,2.463543422883915
603,TikTok,Carousel,25-34,3881,16,236741,18178,1581,4040,17228.97,0.07678433393455295,0.22224667180107824,3.2645970176581054
604,Google,Carousel,18-24,1291,2,41312,2179,645,1354,42368.83,0.052744965143299766,0.6213859568609454,30.291602138469838
605,Instagram,Image,45-60,239,2,7170,261,26,240,1128.41,0.036401673640167366,0.9195402298850575,3.701693351250291
606,Instagram,Video,45-60,1030,23,75190,1537,126,1181,2414.37,0.02044154807820189,0.7683799609629147,1.0443451668438106
607,Instagram,Image,25-34,1748,8,61180,2731,275,1813,7284.64,0.04463877084014384,0.6638593921640424,3.018005648617843
608,TikTok,Carousel,25-34,1765,13,47655,983,238,1930,17915.52,0.020627426293148673,1.9633774160732451,8.282650703939064
609,TikTok,Image,45-60,2643,10,155937,4593,718,2673,50378.62,0.02945420265876604,0.5819725669497061,17.847220185150533
610,TikTok,Carousel,35-44,4186,8,326508,38726,7410,4300,442265.51,0.11860658850625405,0.11103651293704488,101.85244315143593
611,Facebook,Carousel,45-60,4483,4,340708,20051,1107,4508,48437.63,0.058850980898599387,0.22482669193556432,9.744816570283813
612,Google,Image,25-34,1148,15,67732,4640,271,1176,12580.54,0.06850528553711688,0.253448275862069,9.697737405485194
613,TikTok,Carousel,18-24,2376,1,152064,16133,2604,2570,203807.57,0.10609348695286196,0.15930081200024793,78.30255793445914
614,Google,Video,18-24,3297,11,257166,30734,7811,3374,606164.31,0.11951035517914499,0.10978069890024078,178.65747054019315
615,Google,Carousel,35-44,945,7,19845,1470,398,969,9977.4,0.07407407407407407,0.6591836734693878,9.296589902573109
616,Instagram,Video,45-60,1724,17,84476,8394,601,1771,40133.17,0.099365500260429,0.210984036216345,21.661303842159644
617,Facebook,Video,18-24,2959,27,144991,6664,1230,3023,29282.59,0.04596147347076715,0.45363145258103243,8.68660058120415
618,TikTok,Carousel,45-60,980,20,30380,1325,368,1160,9180.73,0.043614219881500986,0.8754716981132076,6.914418474388437
619,Instagram,Image,25-34,4434,24,128586,6981,1026,4500,58817.0,0.05429051374177593,0.6446067898581865,12.070444825266645
620,Instagram,Video,18-24,773,18,48699,4089,1052,862,40344.28,0.08396476313682005,0.210809488872585,45.80311009279242
621,TikTok,Image,35-44,2990,22,89700,7628,636,3135,47832.36,0.08503901895206244,0.4109858416360776,14.257530144938524
622,Google,Video,25-34,1139,29,38726,1730,491,1275,7969.26,0.044672829623508756,0.7369942196531792,5.250403598726135
623,Instagram,Carousel,35-44,4628,22,161980,3993,949,4665,43470.65,0.024651191505124088,1.1682945154019535,8.318466949405064
624,Google,Carousel,25-34,985,12,35460,2821,804,1071,59734.39,0.07955442752397067,0.37965260545905705,54.77440871460211
625,Facebook,Video,18-24,2345,9,105525,2544,557,2493,40821.39,0.024108031272210378,0.9799528301886793,15.374404982790173
626,Google,Carousel,35-44,205,5,4305,316,44,269,922.11,0.07340301974448316,0.8512658227848101,2.4279181313029103
627,Facebook,Video,35-44,1120,10,77280,6667,1897,1268,67655.82,0.08627070393374742,0.19019049047547623,52.356325075558715
628,Google,Carousel,25-34,2008,4,62248,5419,644,2034,34349.99,0.08705500578331835,0.3753460047979332,15.88790202266719
629,Instagram,Image,35-44,2551,5,178570,16585,2206,2656,46673.76,0.09287674301394411,0.16014470907446487,16.57295109427708
630,Instagram,Carousel,25-34,4269,28,192105,20365,4586,4391,356614.48,0.10600973425990995,0.21561502577952368,80.21486624234183
631,Facebook,Image,25-34,3880,28,162960,10591,2555,4077,189152.92,0.06499140893470791,0.3849494854121424,45.39512323839638
632,TikTok,Carousel,25-34,904,10,33448,3021,852,947,18476.91,0.09031930160248744,0.3134723601456471,18.510991211843443
633,Facebook,Image,25-34,689,11,35139,2744,277,788,5119.2,0.07808987165257976,0.28717201166180756,5.496452276460035
634,Facebook,Carousel,18-24,2288,21,155584,4750,1185,2315,18934.63,0.030530131633072808,0.48736842105263156,7.179107407751881
635,Google,Image,25-34,1652,24,94164,1207,283,1824,20846.08,0.012818062104413577,1.5111847555923779,10.428771373117138
636,Google,Video,45-60,491,10,37316,1541,101,507,2378.92,0.04129595883803194,0.32900713822193384,3.692150562630982
637,Facebook,Video,35-44,4678,28,308748,18133,2662,4804,104190.53,0.05873074481454131,0.2649313406496443,20.688287590540188
638,Instagram,Image,45-60,1386,8,30492,2374,286,1508,11846.0,0.07785648694739604,0.6352148272957034,6.8554405440007296
639,Google,Carousel,18-24,3750,2,213750,22122,2790,3917,144886.86,0.10349473684210526,0.17706355664044843,35.989240984148516
640,TikTok,Image,45-60,998,23,21956,693,204,1128,3064.38,0.03156312625250501,1.6277056277056277,1.716649564462082
641,Google,Carousel,35-44,3423,8,167727,3993,841,3498,21759.28,0.0238065427748663,0.8760330578512396,5.22049165419336
642,Google,Video,45-60,509,16,10180,1180,270,702,20305.17,0.11591355599214145,0.5949152542372881,27.924741186278773
643,TikTok,Carousel,18-24,4696,27,230104,5035,1481,4741,108984.88,0.021881410144977922,0.9416087388282026,21.987740101356806
644,Facebook,Video,25-34,442,22,28288,1771,255,599,16496.04,0.0626060520361991,0.3382269904009034,26.539295586296504
645,TikTok,Carousel,45-60,3988,5,203388,15134,3790,4056,43047.15,0.0744095030188605,0.26800581472181845,9.613202776753589
646,Facebook,Carousel,18-24,1837,27,86339,6004,952,1973,31311.73,0.0695398371535459,0.3286142571618921,14.87011203881411
647,Facebook,Carousel,18-24,4990,25,199600,3884,1038,5074,56007.48,0.019458917835671344,1.3063851699279094,10.038131988572266
648,Facebook,Image,35-44,2307,29,177639,2890,275,2317,8047.41,0.01626894994905398,0.8017301038062283,2.473203097384293
649,TikTok,Image,35-44,1188,3,77220,1668,478,1256,35214.77,0.0216006216006216,0.7529976019184652,27.037237911225635
650,Facebook,Video,45-60,3858,12,123456,9186,961,3956,52251.74,0.07440707620528772,0.4306553450903549,12.208226516043572
651,Instagram,Video,25-34,4791,13,220386,15400,2025,4881,30442.78,0.06987739693083952,0.3169480519480519,5.236995939276001
652,TikTok,Image,18-24,2504,13,137720,4918,1175,2697,86515.71,0.035710136508858556,0.5483936559577064,31.07849821347296
653,Instagram,Video,45-60,1516,10,39416,3159,468,1674,36056.44,0.08014511873350924,0.5299145299145299,20.539089439577687
654,Facebook,Image,18-24,3724,4,152684,15300,3091,3884,47724.64,0.10020696340153519,0.2538562091503268,11.287496387079722
655,Google,Carousel,18-24,1427,9,41383,603,97,1593,4584.73,0.014571200734601164,2.6417910447761193,1.8780451944182852
656,Facebook,Video,25-34,2647,22,153526,9947,2343,2740,73184.78,0.06479032867397053,0.27545993766964916,25.70977223574675
657,Instagram,Video,25-34,191,24,13752,1180,126,364,4724.84,0.08580570098894706,0.30847457627118646,11.980331468587828
658,Instagram,Image,45-60,2709,23,92106,3477,224,2873,5056.93,0.037749983714416,0.8262870290480299,0.7601570127183297
659,TikTok,Video,25-34,4646,27,157964,6927,865,4760,43652.27,0.04385176369299334,0.6871661613974304,8.170644070767139
660,Google,Video,25-34,889,2,20447,1584,267,1076,20574.63,0.07746857729740304,0.6792929292929293,18.12140716749235
661,TikTok,Carousel,45-60,3668,19,187068,20347,1872,3698,84642.63,0.10876793465477794,0.1817466948444488,21.88875974569812
662,Instagram,Video,25-34,3967,1,166614,16510,2289,3977,36175.4,0.09909131285486214,0.24088431253785583,8.09615372814627
663,Facebook,Carousel,35-44,645,25,47730,3538,530,731,28302.05,0.07412528807877646,0.20661390616167327,37.716893942560674
664,Google,Image,18-24,1954,29,48850,4412,283,2074,9569.82,0.09031729785056294,0.4700815956482321,3.6141839537509166
665,Facebook,Video,18-24,330,7,14190,711,139,459,9718.15,0.05010570824524313,0.6455696202531646,20.172444650813354
666,Facebook,Carousel,18-24,473,17,18447,1485,402,577,16251.84,0.08050089445438283,0.38855218855218854,27.166105881499956
667,Google,Image,18-24,4415,3,339955,20832,1831,4441,43026.25,0.06127869865129208,0.213181643625192,8.688415374493948
668,TikTok,Video,45-60,4299,20,240744,7437,1483,4300,34668.67,0.030891735619579305,0.5781901304289364,7.062482486411104
669,Facebook,Image,18-24,1800,20,70200,6120,1323,1902,84425.25,0.08717948717948718,0.3107843137254902,43.387618704830004
670,Instagram,Video,18-24,4807,21,149017,10611,1642,4907,46946.64,0.07120664085305703,0.4624446329280935,8.567279101171376
671,Facebook,Image,18-24,2017,3,104884,5186,1168,2037,74409.0,0.0494451012547195,0.392788276128037,35.52871983625826
672,Google,Image,18-24,4138,3,194486,21441,3273,4195,79900.84,0.11024443918842487,0.1956531878177324,18.046684569662833
673,Google,Carousel,35-44,4228,17,114156,1404,247,4360,8031.96,0.01229895931882687,3.1054131054131053,0.842192044689367
674,Google,Image,18-24,2996,7,59920,2680,138,3175,5876.6,0.04472630173564753,1.1847014925373134,0.8508989460685025
675,TikTok,Video,35-44,1499,27,83944,1364,304,1671,23111.21,0.01624892785666635,1.2250733137829912,12.830764620871712
676,Facebook,Video,45-60,2381,26,97621,9207,1982,2465,149088.42,0.09431372348162793,0.2677310741826871,59.48211678310168
677,TikTok,Carousel,25-34,2270,14,56750,4950,295,2362,7221.9,0.08722466960352424,0.4771717171717172,2.0575377762363436
678,TikTok,Video,18-24,3839,17,153560,7132,1013,3858,35531.31,0.04644438655899974,0.5409422321929332,8.209775068570838
679,Google,Video,25-34,2860,18,145860,12299,3625,2920,74160.09,0.0843205813794049,0.23741767623384014,24.39729274662491
680,Google,Video,25-34,4778,13,258012,13817,2144,4815,97978.56,0.053551772785761904,0.34848375189983355,19.348610737979158
681,TikTok,Image,45-60,1581,20,53754,5009,879,1728,37129.64,0.09318376306879488,0.34497903773208227,20.487062699214604
682,Facebook,Image,25-34,4932,29,118368,7097,1969,4956,143841.77,0.059957082995404164,0.69832323516979,28.02376375919783
683,Instagram,Video,35-44,3040,20,240160,13293,3048,3169,228905.95,0.05535059960026649,0.23839614834875497,71.2328644384674
684,TikTok,Carousel,25-34,4543,21,340725,38440,7515,4663,276925.63,0.11281825519113654,0.12130593132154006,58.38786747574223
685,Facebook,Image,25-34,1193,27,77545,2915,727,1352,32294.54,0.037591076149332645,0.4638078902229846,22.886496982423353
686,Google,Carousel,25-34,983,18,67827,1576,419,1008,30476.61,0.023235584649181004,0.6395939086294417,29.234731336761985
687,Google,Video,18-24,1510,4,101170,7516,1234,1707,82023.42,0.07429079766729267,0.22711548696114955,47.05121290745074
688,Facebook,Video,18-24,2773,1,69325,8085,1364,2941,13989.1,0.11662459430219978,0.3637600494743352,3.756580961301297
689,Instagram,Image,35-44,2562,18,112728,5812,851,2628,27575.95,0.05155773188560074,0.4521679284239504,9.493130988742774
690,Google,Video,35-44,335,1,25125,422,123,335,4861.48,0.016796019900497512,0.7938388625592417,13.511869322597148
691,Google,Image,18-24,314,26,20410,965,216,364,5633.31,0.047280744732974035,0.3772020725388601,14.476126948600175
692,Google,Video,35-44,2417,26,188526,12377,876,2421,20997.73,0.06565142208501745,0.19560475074735395,7.673164595926875
693,Facebook,Video,18-24,3497,13,262275,7294,1938,3509,24505.85,0.027810504241731007,0.48108034000548394,5.983712215665404
694,TikTok,Image,45-60,4966,20,292994,24140,4107,5112,226032.36,0.08239076568120848,0.21176470588235294,43.216033306006544
695,Google,Image,25-34,1812,20,86976,10415,699,1951,19834.63,0.11974567696835908,0.1873259721555449,9.16639083205602
696,TikTok,Image,25-34,3098,23,80548,4808,901,3145,12311.54,0.05969111585638377,0.6541181364392679,2.91463801070363
697,Instagram,Video,35-44,2431,10,143429,7030,1084,2583,28366.71,0.04901379776753655,0.367425320056899,9.982079010015282
698,Google,Video,18-24,2319,27,74208,4012,1080,2375,71424.69,0.054064251832686504,0.5919740777666999,29.07355571975207
699,Google,Carousel,18-24,90,11,5130,116,11,204,765.65,0.022612085769980507,1.7586206896551724,2.7531699503325537
700,Instagram,Image,35-44,117,9,4329,463,118,151,5170.13,0.10695310695310695,0.326133909287257,33.23925288275947
701,Google,Video,18-24,1037,9,21777,1211,229,1112,8959.61,0.05560912889746062,0.9182493806771264,7.057205797348238
702,TikTok,Video,45-60,4058,5,109566,5763,366,4151,28712.61,0.052598433820710805,0.7202845740065937,5.917034841608203
703,Facebook,Image,25-34,3248,26,97440,8045,2356,3252,56637.12,0.0825636288998358,0.40422622747047854,16.416089686120692
704,TikTok,Carousel,35-44,4840,1,251680,14754,2628,4861,65897.49,0.0586220597584234,0.3294699742442727,12.556365701282406
705,Facebook,Image,35-44,2574,17,187902,15277,1874,2676,57027.14,0.08130301965918404,0.1751652811415854,20.31058904470662
706,Facebook,Carousel,18-24,1135,22,64695,1084,181,1319,3998.84,0.01675554525079218,1.216789667896679,2.031717378788003
707,TikTok,Video,35-44,2529,2,169443,16861,4459,2703,163001.38,0.0995083892518428,0.16031077634778482,59.30387871530623
708,TikTok,Carousel,45-60,1743,24,80178,9096,1148,1924,84674.64,0.11344757913642146,0.21152154793315744,43.00968736013338
709,TikTok,Video,18-24,2365,13,92235,7504,736,2495,39062.72,0.08135740228763484,0.33248933901918976,14.656401101877414
710,TikTok,Image,18-24,828,9,25668,2951,242,951,9398.37,0.1149680536076048,0.3222636394442562,8.882623063608566
711,Instagram,Image,18-24,4639,29,287618,7667,954,4691,71939.95,0.02665688517408507,0.6118429633494196,14.335739258466365
712,Google,Image,18-24,1635,4,81750,5110,1252,1793,16767.41,0.06250764525993883,0.35088062622309196,8.351592489783084
713,Facebook,Carousel,45-60,1542,5,70932,5404,907,1610,22420.43,0.07618564258726668,0.2979274611398964,12.925735736018122
714,TikTok,Video,18-24,710,11,36210,2679,286,813,14189.09,0.0739850869925435,0.303471444568869,16.452755072739503
715,TikTok,Image,35-44,1398,24,40542,2195,200,1558,10617.74,0.05414138424350057,0.7097949886104784,5.814978642300711
716,TikTok,Image,45-60,1349,19,29678,1400,186,1548,2375.04,0.04717299009367208,1.1057142857142856,0.5342627489956222
717,Instagram,Video,25-34,3990,21,255360,6116,1742,4167,66566.55,0.023950501253132833,0.6813276651406148,14.974693097959129
718,TikTok,Image,25-34,2036,3,93656,4972,674,2051,37367.08,0.0530878961305202,0.412510056315366,17.218958586406913
719,TikTok,Video,35-44,2094,12,113076,3153,936,2209,55097.58,0.027883901093070148,0.7006026006977482,23.942318786940188
720,TikTok,Video,35-44,3566,26,178300,16186,2772,3641,151544.67,0.09077958496915312,0.22494748548128013,40.621715650715984
721,Google,Video,45-60,1108,19,37672,1242,117,1216,3795.41,0.03296878318114249,0.9790660225442834,2.1212276377598456
722,Instagram,Video,25-34,1026,19,35910,590,160,1064,2647.43,0.01642996379838485,1.8033898305084746,1.4881817521584462
723,TikTok,Video,25-34,4627,13,148064,10477,1729,4715,68983.42,0.07075994164685541,0.45003340650949697,13.630629775213576
724,Facebook,Carousel,25-34,777,28,52836,3987,906,950,17225.61,0.07545991369520781,0.2382743917732631,17.132217281981134
725,Facebook,Image,25-34,2577,7,139158,14738,4361,2688,332891.07,0.10590839189985485,0.18238566969738093,122.84340559397474
726,Facebook,Carousel,25-34,3186,15,226206,16618,1039,3232,44949.18,0.07346401068053014,0.1944879046816705,12.90754241516886
727,Instagram,Image,18-24,392,23,11760,564,41,563,1320.53,0.04795918367346939,0.99822695035461,1.3455307822454885
728,Instagram,Carousel,35-44,1497,7,116766,11481,2641,1633,168076.63,0.09832485483788089,0.14223499695148506,101.92506652036195
729,Facebook,Video,18-24,2429,26,97160,6745,812,2556,36423.4,0.0694215726636476,0.37894736842105264,13.250155712979607
730,TikTok,Image,25-34,3709,8,259630,4860,466,3886,14773.31,0.018718946192658785,0.7995884773662552,2.8016752092861865
731,Instagram,Image,45-60,576,5,42048,3037,181,652,12097.63,0.07222697869101978,0.21468554494567008,17.55464922713414
732,Facebook,Carousel,45-60,1946,21,58380,6414,355,2133,25098.73,0.10986639260020555,0.3325537885874649,10.766868707162626
733,Facebook,Carousel,25-34,4804,14,235396,12615,3073,4818,175500.79,0.053590545293887744,0.38192627824019026,35.42606613747557
734,TikTok,Image,25-34,2123,4,167717,7144,597,2158,7932.64,0.04259556276346465,0.3020716685330347,2.675923638747181
735,Google,Carousel,45-60,4965,23,332655,8576,1431,5027,71038.56,0.025780463242698892,0.5861707089552238,13.131403005029147
736,Instagram,Carousel,18-24,455,10,32760,873,175,523,11100.36,0.026648351648351647,0.5990836197021764,20.224402814467876
737,TikTok,Carousel,18-24,1623,20,87642,5048,792,1791,15487.73,0.057597955318226424,0.35479397781299526,7.64753042429581
738,Facebook,Video,25-34,4650,15,190650,14398,817,4723,21247.68,0.07552058746393915,0.32803167106542575,3.4987677898974097
739,Facebook,Video,18-24,3790,18,216030,4075,1001,3813,71846.43,0.018863120862843124,0.9357055214723926,17.84249462683564
740,TikTok,Carousel,45-60,4324,20,216200,24506,1289,4372,14705.58,0.11334875115633672,0.17840528850077533,2.363582562397729
741,Instagram,Carousel,18-24,4277,13,141141,13135,3158,4422,197977.86,0.09306296540339093,0.3366577845451085,43.77111286472416
742,Google,Video,25-34,1896,29,81528,6076,1660,1902,71652.46,0.0745265430281621,0.3130348913759052,36.672164348147184
743,Google,Video,45-60,1528,8,105432,10662,1686,1531,69588.05,0.10112679262463009,0.14359407240667793,44.45267810989575
744,Facebook,Image,18-24,2445,9,166260,3129,575,2534,6035.64,0.018819920606279322,0.8098434004474273,1.381860865398267
745,Instagram,Image,35-44,821,16,41871,2614,442,1017,29772.18,0.06242984404480428,0.38905891354246364,28.274514519275602
746,Google,Video,45-60,628,19,34540,2739,403,687,14180.66,0.07929936305732484,0.2508214676889376,19.641427142587393
747,Instagram,Carousel,45-60,2951,16,150501,15223,4138,3005,198018.17,0.10114882957588321,0.19739867306050055,64.89623053661073
748,Instagram,Carousel,35-44,243,7,17982,1729,472,258,27098.01,0.09615170726281837,0.1492192018507808,104.0310646377139
749,Facebook,Carousel,35-44,2057,14,69938,2830,379,2085,22430.76,0.04046441133575453,0.7367491166077739,9.758159550550554
750,Google,Carousel,45-60,1235,28,76570,8690,1770,1385,136145.93,0.11349092333812198,0.15937859608745686,97.30030995563202
751,TikTok,Image,35-44,2444,14,188188,4455,1255,2457,59228.21,0.023673135375263034,0.5515151515151515,23.105907566884866
752,Facebook,Video,25-34,3048,25,164592,17490,5081,3126,192978.25,0.10626275882181394,0.17873070325900514,60.73328621083641
753,Google,Carousel,25-34,1842,27,40524,4733,838,2018,64324.25,0.11679498568749383,0.4263680540883161,30.87525011397601
754,Google,Image,25-34,1160,4,40600,1197,195,1192,10714.8,0.029482758620689654,0.9958228905597326,7.988930124243593
755,Google,Carousel,45-60,4055,26,97320,8703,1041,4207,32136.22,0.08942663378545006,0.4833965299322073,6.638748861866558
756,Google,Video,35-44,2311,15,92440,1334,386,2331,7277.06,0.01443098225876244,1.747376311844078,2.121863539598667
757,Google,Image,35-44,3786,3,109794,5994,513,3930,35386.13,0.054593147166511834,0.6556556556556556,8.00410487216658
758,Instagram,Video,18-24,3843,5,146034,9753,1901,3865,67205.51,0.0667858170015202,0.3962883215420896,16.388229206679885
759,Facebook,Video,18-24,1986,1,87384,6455,778,2042,43749.18,0.07386935823491715,0.3163439194422928,20.424672392510736
760,Instagram,Image,35-44,4925,3,113275,12794,1532,5110,65810.35,0.11294636945486647,0.3994059715491637,11.87873831953012
761,TikTok,Image,35-44,4407,15,211536,17757,2685,4548,64238.85,0.08394315861130021,0.2561243453286028,13.124637667651156
762,Google,Image,35-44,779,24,29602,1863,558,871,29081.88,0.06293493682859266,0.4675254965110038,32.389068809087675
763,Facebook,Image,45-60,4428,27,274536,27196,1733,4447,24691.46,0.0990616895416266,0.16351669363141638,4.552386573961608
764,Google,Image,35-44,3501,8,73521,8422,1639,3658,63812.78,0.11455230478366725,0.4343386369033484,16.44471854046525
765,Facebook,Image,18-24,4507,29,130703,1624,114,4525,5501.99,0.012425116485467052,2.7863300492610836,0.21590877757261764
766,Instagram,Image,45-60,4586,4,284332,33573,2975,4766,120556.78,0.11807675534234627,0.14195931254281716,24.295170449054574
767,Facebook,Carousel,35-44,2190,2,96360,1876,299,2292,18659.71,0.019468659194686593,1.2217484008528785,7.1412341308914655
768,TikTok,Video,18-24,1694,29,66066,6579,1168,1877,79371.14,0.09958223594587232,0.28530171758625933,41.28617170145165
769,TikTok,Image,45-60,2850,24,190950,7797,894,2926,57204.39,0.04083267871170464,0.37527254072079,18.55037305980734
770,Facebook,Carousel,35-44,191,24,7258,178,22,341,279.77,0.024524662441443922,1.9157303370786516,-0.17955442923702267
771,Facebook,Carousel,35-44,1505,10,63210,3690,264,1694,6227.5,0.05837683910773612,0.45907859078590785,2.6762099633067096
772,Facebook,Carousel,35-44,4846,4,208378,16844,2119,4878,100784.99,0.08083386921843956,0.28959867014960816,19.661129940364013
773,Facebook,Video,45-60,2146,3,64380,3341,974,2163,73476.17,0.05189499844672259,0.6474109548039509,32.96956390081293
774,TikTok,Image,18-24,1375,2,89375,1430,409,1447,27994.81,0.016,1.0118881118881118,18.346795072385696
775,Google,Carousel,18-24,1263,25,66939,5083,679,1423,46835.67,0.07593480631619832,0.27995278378910093,31.913327605032418
776,Facebook,Video,25-34,1209,17,89466,9775,1883,1368,58795.87,0.10925938345293185,0.13994884910485933,41.97943861071838
777,Facebook,Video,35-44,4700,23,220900,11520,3195,4888,127996.02,0.05215029425079221,0.42430555555555555,25.18576558544432
778,TikTok,Video,25-34,4549,21,109176,3689,190,4730,8160.39,0.033789477540851466,1.282190295473028,0.7252408243767372
779,TikTok,Carousel,25-34,4747,24,370266,21728,5490,4763,115377.9,0.058682136626101236,0.219210235640648,23.223787419981225
780,Instagram,Image,18-24,390,20,9360,143,41,408,499.17,0.015277777777777777,2.8531468531468533,0.22344493578820998
781,Facebook,Carousel,45-60,3878,23,271460,27214,1982,3947,151193.31,0.1002504973108377,0.14503564341882855,37.30587997748976
782,Instagram,Carousel,45-60,2018,13,80720,8144,735,2137,19734.66,0.10089197224975223,0.262401768172888,8.234750834060563
783,TikTok,Image,18-24,753,5,23343,1743,505,853,13532.19,0.0746690656727927,0.48938611589214,14.864236514220828
784,TikTok,Image,45-60,4463,21,307947,15040,2773,4496,43914.71,0.04883957304341331,0.298936170212766,8.76750625601733
785,Google,Image,25-34,2479,9,57017,5586,299,2562,22423.67,0.09797078064436922,0.45864661654135336,7.7524072006960525
786,Facebook,Video,35-44,1850,25,135050,9590,1097,2002,55488.01,0.07101073676416142,0.20875912408759123,26.71629023787467
787,Instagram,Image,18-24,4962,29,337416,34029,5529,5157,313453.27,0.10085176755103492,0.1515472097328749,59.7820971132879
788,TikTok,Carousel,35-44,4698,25,286578,22771,5083,4771,375178.17,0.0794582975664566,0.20952088182337184,77.63721908553065
789,TikTok,Image,45-60,905,28,35295,3398,792,992,27081.18,0.09627425981017142,0.29193643319599766,26.299578794213478
790,Instagram,Carousel,35-44,1862,22,106134,8049,2405,1946,128680.76,0.07583809146927468,0.24176916387128836,65.12577380786047
791,Google,Video,45-60,2916,6,128304,7127,868,2926,11037.45,0.055547761566280086,0.4105514241616388,2.772199203461108
792,TikTok,Carousel,45-60,3692,5,121836,14056,2594,3782,59854.16,0.11536819987524213,0.2690665907797382,14.826059142307896
793,Facebook,Carousel,25-34,232,25,6960,483,88,375,6000.47,0.06939655172413793,0.7763975155279503,15.001264424944122
794,TikTok,Image,45-60,3162,10,161262,12346,1869,3350,119006.3,0.07655864369783334,0.2713429450834278,34.52426986858044
795,Facebook,Image,25-34,4542,8,136260,4667,430,4668,14854.35,0.034250697196536034,1.0002142704092565,2.1821647414010545
796,Instagram,Carousel,25-34,1567,7,57979,4569,1344,1679,48890.34,0.07880439469463081,0.36747647187568394,28.118727731386482
797,Facebook,Image,25-34,1406,7,64676,4713,1241,1485,58759.87,0.07287092584575422,0.31508593252705286,38.56893847999962
798,Instagram,Video,18-24,2224,6,164576,4991,871,2230,8724.69,0.030326414544040444,0.4468042476457624,2.9124188590370643
799,Facebook,Video,18-24,3679,21,268567,4446,892,3694,23983.3,0.016554528292753765,0.8308591992802519,5.492500363349881
800,Instagram,Image,45-60,3678,29,136086,10407,1111,3693,27304.19,0.0764737004541246,0.3548573075814356,6.393497902913848
801,Facebook,Video,25-34,4146,20,310950,29231,5435,4313,149646.24,0.09400546711689982,0.14754883514077521,33.69655392788025
802,Google,Image,18-24,3289,3,138138,9334,2088,3300,138671.2,0.06757011104837192,0.35354617527319476,41.021575134753874
803,Facebook,Carousel,25-34,3741,19,112230,3921,701,3775,20733.6,0.034937182571504945,0.9627646008671258,4.4923433485388
804,Facebook,Carousel,35-44,68,22,2720,226,67,88,1568.24,0.08308823529411764,0.3893805309734513,16.820852277445397
805,Google,Video,35-44,3453,15,217539,4092,830,3630,37597.71,0.01881042020051577,0.8870967741935484,9.35749506117772
806,TikTok,Image,35-44,4729,4,113496,6651,949,4899,66994.8,0.05860118418270247,0.7365809652683807,12.675198972492465
807,TikTok,Image,45-60,4601,28,193242,5405,1313,4617,35312.45,0.027970110017491022,0.854209065679926,6.648354186637343
808,Facebook,Video,25-34,3054,12,183240,5550,514,3085,7965.73,0.030288146692861822,0.5558558558558558,1.5820855804489131
809,Google,Carousel,35-44,1182,6,92196,2973,434,1222,15167.58,0.03224651828712742,0.4110326269761184,11.412091550828817
810,Facebook,Video,18-24,3389,19,149116,7834,1071,3522,66761.46,0.0525362804796266,0.44957875925453156,17.955552892571376
811,Instagram,Carousel,35-44,3361,4,201660,3151,497,3387,24128.52,0.015625309927600913,1.074896858140273,6.123863020351906
812,Instagram,Image,35-44,3422,15,249806,13428,3295,3569,221343.39,0.053753712881195806,0.26578790586833484,61.01832185271036
813,Facebook,Carousel,35-44,1037,9,30073,1993,340,1189,26238.29,0.06627207129318657,0.596588058203713,21.067529952144465
814,TikTok,Video,45-60,3371,5,138211,8729,2169,3436,142039.94,0.06315705696362807,0.3936304273112613,40.33874966391095
815,TikTok,Image,18-24,4665,13,177270,9236,1792,4801,93661.06,0.05210131437919558,0.5198137721957558,18.508656157084033
816,Facebook,Video,25-34,223,23,4460,456,61,314,2716.57,0.10224215246636771,0.6885964912280702,7.651492296126322
817,Facebook,Video,18-24,3791,26,98566,2561,646,3971,8271.92,0.02598259034555526,1.5505661850839516,1.0830833756405487
818,Instagram,Carousel,25-34,3102,18,71346,4682,513,3162,40477.0,0.06562386118352816,0.6753524134985049,11.801075983305571
819,TikTok,Video,45-60,776,5,15520,261,27,941,994.78,0.01681701030927835,3.6053639846743293,0.05715124512946903
820,Facebook,Carousel,45-60,3810,25,129540,2309,406,3812,8386.33,0.01782461015902424,1.6509311390212213,1.1999805455187182
821,Instagram,Image,45-60,1925,16,113575,8305,956,2122,54176.16,0.07312348668280871,0.2555087296809151,24.530705279515026
822,TikTok,Carousel,45-60,4083,27,126573,9146,478,4185,14292.29,0.07225869656245802,0.4575770828777608,2.415122139339085
823,Google,Image,25-34,1039,19,42599,4540,962,1093,49066.31,0.10657527171999343,0.2407488986784141,43.891407835770124
824,Instagram,Carousel,35-44,3794,14,155554,11101,1973,3794,100768.52,0.07136428507142215,0.3417710116205747,25.559967251559435
825,TikTok,Video,25-34,2736,25,188784,21819,3521,2836,145069.03,0.11557653190948386,0.12997845914111555,50.15269004158327
826,TikTok,Carousel,18-24,469,16,30954,475,138,666,9456.91,0.015345351166246688,1.4021052631578947,13.199558297545213
827,Instagram,Carousel,45-60,643,27,23148,481,92,687,2626.39,0.02077933298773112,1.4282744282744282,2.822980897259175
828,Google,Image,45-60,1824,15,87552,1299,345,1998,14284.48,0.014836896929824562,1.53810623556582,6.149387931715856
829,Instagram,Video,18-24,2509,22,163085,4954,420,2534,20008.15,0.03037679737560168,0.5115058538554703,6.895875525088619
830,TikTok,Carousel,25-34,985,4,32505,2260,434,1105,24500.92,0.06952776495923704,0.4889380530973451,21.17277739086929
831,Facebook,Video,35-44,3858,7,266202,21565,5757,3999,373502.82,0.08100990976777034,0.18543936934848135,92.39905377225494
832,Facebook,Carousel,35-44,381,16,14859,223,43,562,1618.37,0.015007739417188236,2.5201793721973096,1.8796617819636134
833,Instagram,Carousel,18-24,3499,24,241431,27536,6319,3697,348955.94,0.11405329058820118,0.13426060429982567,93.38894908905799
834,TikTok,Video,35-44,2752,22,184384,18924,2706,2797,55588.73,0.10263363415480736,0.14780173324878462,18.874410700836215
835,Facebook,Carousel,25-34,4056,21,210912,8990,657,4177,49462.49,0.0426244120770748,0.4646273637374861,10.841629433552452
836,TikTok,Video,25-34,3918,22,289932,5361,881,3948,32433.24,0.01849054260999131,0.7364297705651931,7.215105519752606
837,Instagram,Carousel,18-24,4250,21,331500,9509,1413,4308,86286.96,0.028684766214177978,0.45304448417288884,19.029471645238978
838,Facebook,Image,25-34,251,8,15562,372,99,279,1130.96,0.02390438247011952,0.75,3.053633324170219
839,TikTok,Video,45-60,2547,17,86598,2040,226,2652,5506.06,0.023557126030624265,1.3,1.0761917800731702
840,Facebook,Carousel,18-24,1892,16,58652,3932,1146,1908,50533.76,0.0670394871445134,0.4852492370295015,25.485200055365528
841,Instagram,Carousel,25-34,1916,27,113044,4187,1212,2057,86630.94,0.03703867520611443,0.49128254119894915,41.1151868558154
842,TikTok,Image,18-24,2046,23,149358,7377,825,2209,38698.98,0.049391395171333306,0.29944421851701236,16.518779950045996
843,Facebook,Video,35-44,959,10,37401,4444,608,1144,45655.29,0.11882035239699473,0.25742574257425743,38.908468292331726
844,Instagram,Carousel,25-34,4355,10,213395,18197,4983,4378,218583.2,0.08527378804564306,0.24058910809474088,48.92763716241325
845,Facebook,Image,45-60,4708,27,268356,30696,8952,4816,396855.02,0.11438536868935295,0.15689340630701068,81.40345140751987
846,Facebook,Carousel,25-34,3239,2,71258,1829,294,3429,5404.39,0.025667293496870528,1.8747949699289228,0.5760830875884939
847,Google,Video,18-24,820,9,38540,2005,261,910,17274.53,0.05202387130254281,0.4538653366583541,17.982999539187972
848,Google,Carousel,18-24,3205,17,240375,17071,3098,3229,84536.92,0.07101820072802913,0.1891511920801359,25.18052627674425
849,Instagram,Carousel,25-34,2551,11,114795,2117,469,2737,34224.28,0.01844156975478026,1.2928672649976383,11.504303261268944
850,Google,Carousel,45-60,2764,10,135436,1416,167,2795,12317.54,0.010455122714787796,1.9738700564971752,3.4069893150849127
851,Instagram,Carousel,45-60,4774,22,152768,12793,2995,4889,227714.96,0.08374135944700462,0.3821621199093254,45.577002445165775
852,Google,Image,45-60,3635,25,116320,9375,589,3716,27339.1,0.08059662998624484,0.39637333333333336,6.357132149009796
853,Facebook,Image,18-24,1678,17,35238,1944,121,1787,6944.98,0.05516771666950451,0.9192386831275721,2.886393036999143
854,Instagram,Video,25-34,436,4,24416,1559,228,581,14705.11,0.06385157273918741,0.372674791533034,24.310005930781667
855,Instagram,Image,35-44,3471,16,236028,13146,1818,3507,34852.92,0.05569678173775992,0.26677316293929715,8.938101046323997
856,Facebook,Image,18-24,4058,20,231306,2923,376,4083,19577.19,0.012636939811332175,1.3968525487512828,3.7948061161729436
857,Instagram,Video,45-60,4143,15,87003,4079,704,4279,8730.2,0.04688344080089192,1.049031625398382,1.0402431821049773
858,Instagram,Image,25-34,4413,25,242715,7155,931,4476,41736.38,0.029479018602064148,0.6255765199161426,8.324482049696888
859,Google,Image,45-60,2516,27,183668,3825,375,2587,7814.62,0.020825620140688634,0.6763398692810457,2.0207268622075643
860,Instagram,Video,35-44,2332,21,104940,12093,1540,2479,35119.09,0.11523727844482562,0.20499462498966345,13.166636312510176
861,TikTok,Video,45-60,1906,5,57180,4341,1275,2087,45330.5,0.07591815320041972,0.4807648007371573,20.720409835800044
862,Facebook,Video,45-60,2048,6,55296,4985,761,2153,30645.93,0.09015118634259259,0.43189568706118353,13.234058463069259
863,Google,Carousel,35-44,1286,17,81018,3620,583,1371,31261.67,0.044681428818287294,0.3787292817679558,21.80209091550588
864,Google,Carousel,25-34,4719,1,278421,14824,2877,4876,43759.14,0.05324311025389608,0.3289260658391797,7.9743927787802855
865,TikTok,Video,18-24,4194,25,260028,9377,2774,4246,125546.87,0.03606150106911563,0.4528100671856671,28.568268063374234
866,Facebook,Video,25-34,1200,19,49200,1016,112,1291,2551.78,0.02065040650406504,1.2706692913385826,0.9765925803131782
867,Facebook,Video,35-44,4368,4,170352,5058,1114,4466,55898.58,0.029691462383770077,0.8829576907868723,11.516476522385856
868,Google,Carousel,45-60,1481,17,39987,3907,894,1671,48828.78,0.09770675469527597,0.4276938827745073,28.221293019332656
869,Instagram,Carousel,25-34,1869,9,89712,7583,1530,1879,74923.56,0.08452603887997147,0.24779111169721746,38.87416784290082
870,Google,Image,18-24,2374,24,140066,9827,708,2404,43669.93,0.07015978181714334,0.24463213595196906,17.165526414020356
871,Facebook,Image,35-44,1180,2,53100,3305,724,1356,24248.68,0.06224105461393597,0.4102874432677761,16.882504792130444
872,TikTok,Video,25-34,2708,8,132692,14790,976,2807,62032.08,0.11146112802580412,0.18979039891818797,21.099067452930356
873,Google,Carousel,18-24,3550,15,127800,2300,457,3636,18414.22,0.017996870109546165,1.5808695652173914,4.064416651222529
874,Facebook,Carousel,35-44,424,7,16536,675,158,570,6935.08,0.0408200290275762,0.8444444444444444,11.166807984996352
875,Google,Carousel,18-24,2170,27,154070,7471,767,2309,42466.6,0.048490945674044265,0.30906170526034,17.39177272093847
876,Instagram,Video,35-44,4070,6,301180,28933,7534,4084,85021.84,0.09606547579520552,0.14115369992741852,19.818277314767563
877,Google,Image,45-60,2071,1,72485,8638,497,2229,27722.46,0.11916948334138097,0.25804584394535773,11.437173155320968
878,Google,Video,25-34,3755,15,244075,8902,2323,3925,123818.13,0.03647239577998566,0.4409121545720063,30.546020660029725
879,Facebook,Image,18-24,3309,23,205158,21782,3595,3409,113923.03,0.1061718285419043,0.15650537140758425,32.418312388079464
880,Facebook,Image,35-44,3485,26,90610,9185,958,3649,15333.36,0.10136850237280653,0.39727817093086554,3.2020731009481405
881,Facebook,Video,18-24,1939,7,67865,2355,196,1967,3207.63,0.03470124511898622,0.8352441613588111,0.6307241346247711
882,Google,Image,18-24,1873,29,119872,6464,1863,1986,139027.61,0.05392418579818473,0.307240099009901,69.00383124085783
883,Instagram,Image,25-34,1524,25,118872,6545,446,1630,25979.3,0.05505922336630998,0.24904507257448433,14.938221109613886
884,TikTok,Carousel,45-60,2292,17,151272,17790,1774,2445,33523.6,0.11760272885927336,0.13743676222596965,12.711084898998177
885,TikTok,Image,18-24,3293,2,246975,7384,1011,3400,35355.3,0.029897762931470798,0.46045503791982667,9.398617262350385
886,Facebook,Video,35-44,3184,27,213328,20886,4282,3313,220410.85,0.09790557263931599,0.15862300105333715,65.52908318504815
887,Facebook,Video,35-44,2120,9,97520,4560,849,2203,58148.03,0.04675963904840033,0.4831140350877193,25.394928022486273
888,Google,Image,45-60,409,29,29448,2661,216,423,2820.15,0.09036267318663406,0.1589627959413754,5.667028941230942
889,TikTok,Carousel,35-44,2091,9,87822,4935,604,2222,16044.85,0.056193208990913436,0.4502532928064843,6.220904049753364
890,Facebook,Carousel,45-60,1191,13,51213,3770,413,1240,29852.64,0.0736141214144846,0.32891246684350134,23.074712346322123
891,Instagram,Image,35-44,1685,6,47180,4792,495,1850,5267.59,0.10156846121237813,0.3860601001669449,1.847343953442833
892,Instagram,Image,25-34,4050,6,218700,21532,3289,4072,79258.12,0.09845450388660265,0.18911387702024893,18.46417373188524
893,Facebook,Video,18-24,1993,20,139510,14691,3320,2051,256077.22,0.10530427926313526,0.13960928459601116,123.85481155344577
894,Facebook,Image,25-34,4824,20,188136,3115,325,4913,17204.89,0.016557171407917678,1.577207062600321,2.5019116646406254
895,TikTok,Carousel,18-24,3411,21,191016,16451,2330,3525,65978.6,0.08612367550362274,0.21427268859035925,17.71733330456094
896,TikTok,Image,18-24,3030,3,184830,4694,693,3104,10179.74,0.02539631012281556,0.6612697060076693,2.279554764543353
897,Google,Video,18-24,56,17,2016,112,32,211,383.15,0.05555555555555555,1.8839285714285714,0.8158701545107944
898,TikTok,Video,25-34,3317,17,218922,15400,4445,3510,120602.43,0.07034468897598231,0.22792207792207791,33.35966710228772
899,Instagram,Video,18-24,1641,12,82050,4455,1113,1763,79806.56,0.05429616087751371,0.3957351290684624,44.26747600917301
900,Instagram,Video,25-34,4978,16,368372,24738,2731,5113,106820.21,0.06715494120074272,0.20668607001374403,19.891886034041637
901,Facebook,Video,45-60,3314,15,251864,30127,2018,3470,121934.29,0.11961614204491312,0.11517907524811631,34.13956533959313
902,TikTok,Image,35-44,2656,13,71712,1783,230,2794,17084.39,0.02486334225792057,1.567021873247336,5.114670389984725
903,Google,Image,35-44,3269,23,111146,9369,1093,3286,42149.18,0.08429453151710363,0.3507311345928061,11.826894618755782
904,Instagram,Image,18-24,3323,1,166150,8899,1570,3505,36721.38,0.05356003611194703,0.39386447915496126,9.476856798005688
905,Instagram,Image,25-34,963,17,69336,1707,417,1012,19264.67,0.024619245413637938,0.5928529584065613,18.036237551100278
906,Google,Video,35-44,2061,3,100989,2773,733,2202,53923.77,0.027458436067294457,0.7940858276235124,23.488544043161276
907,Google,Carousel,25-34,1492,26,96980,11096,2898,1609,192155.39,0.11441534336976696,0.14500720980533527,118.42535341949903
908,Instagram,Image,25-34,3104,15,121056,12923,1808,3240,26411.42,0.10675224689399947,0.2507157780701076,7.1516743753212175
909,Instagram,Carousel,18-24,3596,4,284084,31185,6917,3734,404506.82,0.10977386970051112,0.1197370530703864,107.33069739409864
910,Google,Image,35-44,4271,4,247718,29495,3781,4461,189174.12,0.11906684213500836,0.1512459738938803,41.40621324124889
911,Instagram,Image,18-24,4962,18,357264,11759,766,5069,56318.18,0.03291403555913834,0.4310740709243983,10.110312786682842
912,Facebook,Carousel,18-24,2978,17,220372,10819,2438,3044,45282.68,0.049094258798758464,0.28135687216933175,13.876044218026193
913,Facebook,Video,35-44,1879,19,58249,4870,255,2059,12082.54,0.08360658552078147,0.42279260780287475,4.868161544780534
914,Google,Image,35-44,625,11,42500,2686,409,791,29269.02,0.0632,0.29448994787788535,36.0025498296403
915,TikTok,Image,45-60,979,20,35244,1974,261,1056,10101.13,0.056009533537623425,0.5349544072948328,8.56546835584436
916,Google,Image,45-60,3809,3,232349,11468,2561,3992,112017.23,0.04935678655815175,0.3480990582490408,27.06042808165608
917,Google,Carousel,25-34,3749,8,183701,13835,3342,3904,49903.57,0.07531260036690056,0.2821828695337911,11.7826769808935
918,TikTok,Video,35-44,1513,14,72624,5324,670,1587,19744.94,0.07330909892046707,0.298084147257701,11.441674062415828
919,TikTok,Carousel,45-60,3325,26,126350,3507,886,3363,28985.9,0.02775623268698061,0.9589392643284859,7.619061070906367
920,TikTok,Carousel,25-34,4978,1,323570,20026,2472,5002,188263.99,0.06189078097475044,0.24977529212024369,36.6377426091194
921,Facebook,Video,25-34,1104,14,33120,2347,379,1124,11289.17,0.07086352657004831,0.47890924584576056,9.04374117006846
922,Instagram,Carousel,25-34,1950,2,103350,7516,1741,2087,73576.07,0.07272375423318819,0.27767429483767964,34.25446706627335
923,Facebook,Video,45-60,1507,29,103983,3443,768,1677,43769.33,0.03311118163545964,0.48707522509439444,25.099776869896054
924,Instagram,Image,35-44,1449,23,37674,3452,1024,1463,21865.3,0.09162817858470032,0.4238122827346466,13.94552572398951
925,Facebook,Video,18-24,3465,4,218295,2788,296,3512,13039.09,0.012771708009803248,1.259684361549498,2.712723878581902
926,Instagram,Image,25-34,492,24,37884,1857,400,577,24679.09,0.04901805511561609,0.31071620893914914,41.771391863648894
927,Facebook,Carousel,45-60,3700,27,196100,18790,3803,3848,268795.53,0.09581845996940337,0.20478978179882917,68.85330724010791
928,TikTok,Carousel,45-60,4702,29,366756,26416,7364,4889,396464.13,0.07202608818942294,0.18507722592368261,80.0930928416829
929,Google,Image,18-24,1228,19,47892,1854,165,1343,9377.57,0.03871210223001754,0.7243797195253506,5.982552570298398
930,Facebook,Carousel,18-24,4508,6,311052,26888,6397,4557,120518.48,0.08644213829198977,0.1694808092829515,25.44688966176084
931,Instagram,Video,45-60,1307,25,74499,5394,1036,1457,78947.71,0.07240365642491846,0.27011494252873564,53.18511433102615
932,TikTok,Image,35-44,3684,1,158412,15458,1834,3824,35359.86,0.09758099133903997,0.24737999741234312,8.24682533144818
933,Facebook,Carousel,18-24,1891,17,54839,4982,840,1959,53950.77,0.09084775433541822,0.3932155760738659,26.539953397799767
934,Facebook,Image,45-60,2359,8,120309,9277,1237,2362,35300.45,0.07710977566100624,0.25460817074485287,13.945150424548952
935,TikTok,Video,18-24,960,19,68160,4341,845,1037,63672.03,0.06368838028169015,0.23888504952775858,60.40022608479173
936,Facebook,Video,35-44,4390,21,149260,3679,1001,4589,60457.56,0.024648264772879538,1.2473498233215548,12.174453023233697
937,Google,Carousel,25-34,4687,1,262472,10169,1955,4695,122709.41,0.03874318022493828,0.4616973153702429,25.1361888436826
938,Facebook,Video,18-24,4059,5,158301,8880,1846,4179,46766.83,0.05609566585176341,0.4706081081081081,10.190913219142889
939,Google,Image,35-44,2219,27,48818,3706,665,2333,27273.51,0.07591462165594658,0.6295196977873718,10.690317579239922
940,Google,Video,45-60,2222,16,124432,8275,519,2384,27635.15,0.066502185932879,0.2880966767371601,10.591926744726836
941,TikTok,Image,18-24,173,6,13148,548,59,273,3769.99,0.041679342865835106,0.4981751824817518,12.80949100070792
942,Facebook,Image,18-24,3208,8,189272,2027,350,3356,6047.0,0.010709455175620271,1.6556487419832264,0.8018488408383624
943,TikTok,Video,45-60,835,13,22545,1456,185,1020,14312.63,0.06458194721667776,0.7005494505494505,13.031991027535433
944,Facebook,Carousel,25-34,2466,16,145494,6026,575,2611,41581.38,0.04141751549892092,0.4332890806505144,14.925462271091874
945,Facebook,Video,45-60,846,3,53298,4839,851,942,24614.67,0.0907913993020376,0.19466831990080596,25.130218190893803
946,Instagram,Image,18-24,4222,19,316650,4000,522,4421,35283.66,0.012632243802305385,1.10525,6.980922705361096
947,Facebook,Image,45-60,4204,12,176568,13124,1503,4284,69562.86,0.07432830410946491,0.32642487046632124,15.237829118351966
948,TikTok,Video,35-44,1986,16,117174,13306,2208,2028,93456.81,0.11355761517060099,0.15241244551330227,45.08323954153137
949,Google,Carousel,45-60,2206,27,66180,1931,160,2300,5121.66,0.02917799939558779,1.1910926980838943,1.2268095587338002
950,Facebook,Carousel,18-24,3857,11,250705,15513,4373,3862,221570.29,0.06187750543467422,0.24895249145877651,56.37190420864753
951,Instagram,Image,45-60,1351,10,36477,731,195,1417,11912.99,0.02004002522137237,1.93844049247606,7.407188748520896
952,TikTok,Image,25-34,4213,25,202224,15940,3616,4352,140175.34,0.07882348287048026,0.27302383939774155,31.209406457760423
953,Facebook,Carousel,45-60,3190,20,156310,11028,844,3289,45614.27,0.07055210799053163,0.29824084149437796,12.868735154432926
954,TikTok,Video,25-34,3286,4,246450,13507,3295,3297,194246.53,0.05480624873199432,0.24409565410527875,57.91614354397052
955,Instagram,Image,35-44,2402,12,189758,12780,3220,2467,192486.86,0.06734893917515994,0.1930359937402191,77.02466864825514
956,Instagram,Image,25-34,1982,23,57478,6243,1510,1983,20592.82,0.10861547026688471,0.3176357520422874,9.384678049654942
957,TikTok,Carousel,45-60,2771,2,160718,5077,398,2913,27932.57,0.031589492153959106,0.5737640338782746,8.58893713229865
958,Facebook,Video,18-24,414,24,19458,242,51,564,2145.96,0.012437043889402817,2.330578512396694,2.8049013009064203
959,Google,Carousel,25-34,4966,22,337688,35384,9149,5122,259549.13,0.10478311340645803,0.14475469138593713,49.67339539256279
960,Instagram,Video,35-44,2440,19,134200,9861,1916,2520,51585.46,0.07347988077496274,0.2555521752357773,19.470418945704324
961,Facebook,Video,25-34,996,25,31872,3441,728,1130,31894.4,0.10796310240963855,0.32839290903807034,27.225132027015675
962,Facebook,Video,25-34,1427,5,72777,5506,906,1582,65302.86,0.07565577036701156,0.28732292045041774,40.278670185285335
963,Google,Image,25-34,1489,8,81895,8117,1478,1630,53923.84,0.09911472006838025,0.2008131082912406,32.082110920789354
964,Instagram,Carousel,35-44,3230,7,180880,10357,606,3401,37863.37,0.05725895621406457,0.32837694313025007,10.13300975553011
965,Instagram,Carousel,45-60,4907,14,220815,20421,4283,5064,71857.22,0.09248013042592215,0.2479800205670633,13.189815113996447
966,Facebook,Video,25-34,390,24,15990,1765,124,549,5372.17,0.11038148843026892,0.3110481586402266,8.785377367342834
967,Facebook,Image,25-34,3039,23,69897,5097,809,3108,64249.19,0.07292158461736556,0.6097704532077692,19.67219630966558
968,Google,Image,18-24,432,3,21600,645,79,546,5050.52,0.029861111111111113,0.8465116279069768,8.250038552090885
969,Google,Carousel,35-44,1606,18,59422,2351,438,1693,10834.8,0.039564471071320384,0.7201190982560612,5.3997657741223835
970,Instagram,Image,25-34,349,16,19893,633,52,354,2345.25,0.03182023827477002,0.5592417061611374,5.624991424464391
971,TikTok,Image,35-44,188,23,8084,300,66,214,1739.35,0.03711034141514102,0.7133333333333334,7.127786953534474
972,Instagram,Video,25-34,408,19,30600,1337,332,489,12838.2,0.04369281045751634,0.36574420344053854,25.25397944699533
973,Facebook,Image,45-60,4981,19,209202,14866,1350,5068,87217.94,0.07106050611370829,0.34091214852683976,16.209538327339025
974,Instagram,Video,45-60,1572,18,64452,4813,366,1691,23418.78,0.07467572767330727,0.35134012050696034,12.849071417942131
975,TikTok,Carousel,25-34,3506,20,73626,4190,361,3529,9374.1,0.05690924401705919,0.8422434367541766,1.6563039245092865
976,Google,Image,45-60,1677,16,83850,6514,1754,1778,130770.58,0.07768634466308885,0.2729505680073687,72.5492570320887
977,TikTok,Carousel,25-34,1353,8,100122,1899,345,1386,17760.52,0.018966860430275064,0.7298578199052133,11.814229158564624
978,TikTok,Carousel,45-60,1184,28,35520,698,116,1351,4244.99,0.0196509009009009,1.9355300859598854,2.142106027099599
979,TikTok,Image,18-24,2236,1,105092,3037,232,2282,10471.43,0.028898488943021352,0.7513994073098452,3.588708953497448
980,Google,Image,18-24,3220,17,209300,14020,2977,3243,155860.8,0.06698518872431916,0.23131241084165477,47.0606840900066
981,TikTok,Carousel,18-24,3885,12,198135,6645,1774,3949,87267.21,0.03353773942009236,0.5942814145974417,21.0985581779209
982,TikTok,Image,35-44,2201,21,52824,2174,558,2218,24578.98,0.041155535362713914,1.0202391904323826,10.081596342670478
983,TikTok,Video,35-44,1287,11,73359,3963,818,1330,37092.45,0.054022001390422444,0.33560434014635376,26.889061926435375
984,Facebook,Video,18-24,3785,5,109765,10900,750,3860,16761.63,0.09930305652985924,0.3541284403669725,3.3423899734362763
985,TikTok,Image,35-44,2884,27,170156,1961,153,2940,10234.37,0.011524718493617622,1.4992350841407445,2.481078028946638
986,Google,Carousel,45-60,4310,12,280150,22813,1421,4416,68098.9,0.08143137604854542,0.1935738394774909,14.420946337077174
987,TikTok,Image,25-34,1048,17,45064,3766,430,1203,8245.5,0.0835700337298065,0.3194370685077005,5.854117903002131
988,TikTok,Image,25-34,2617,6,141318,13828,1160,2740,73811.96,0.0978502384692679,0.19814868382991033,25.938670309679402
989,Google,Carousel,25-34,1357,1,85491,9626,1107,1555,83325.08,0.1125966476003322,0.16154165800955744,52.58526294820637
990,TikTok,Carousel,18-24,706,5,47302,577,84,856,6410.16,0.012198215720265528,1.483535528596187,6.488510008777262
991,Google,Video,35-44,2710,25,214090,5762,1646,2871,58978.22,0.02691391470876734,0.4982644914960083,19.54274577792244
992,TikTok,Carousel,45-60,2261,28,94962,10206,2067,2399,40277.94,0.10747456877487838,0.2350578091318832,15.789469126930179
993,Google,Video,45-60,1959,14,70524,4262,1102,2121,51009.35,0.060433327661505304,0.497653683716565,23.049668646145516
994,TikTok,Carousel,18-24,3780,5,75600,5451,1240,3895,22174.48,0.0721031746031746,0.714547789396441,4.693063185497396
995,TikTok,Image,45-60,2096,22,155104,12863,1004,2188,75680.64,0.08293145244481122,0.1701002876467387,33.58895602059723
996,Facebook,Video,45-60,3212,24,160600,13602,3182,3253,72710.53,0.08469489414694895,0.2391560064696368,21.35183713405632
997,Facebook,Video,45-60,1190,27,59500,6693,794,1217,21988.73,0.1124873949579832,0.18183176453010608,17.067975756849382
998,TikTok,Video,45-60,316,1,19276,2306,483,438,18578.38,0.11963062876115377,0.1899392888117953,41.4163949177645
999,TikTok,Image,35-44,1895,18,144020,12849,1737,1918,63958.97,0.08921677544785446,0.14927231691182194,32.34669850474666
1000,Instagram,Image,45-60,1758,16,130092,5411,1620,1893,106314.77,0.04159364142299296,0.349842912585474,55.16205599467544
